degradation,method,conditional_source,N_trajectories,delta0_auto,selected_alpha0,selected_beta,selected_sigma0,ADE_mean,ADE_std,ADE_median,ADE_min,ADE_max,ADE_p25,ADE_p75,RMSE_mean,RMSE_std,smooth_acc_rms_mean,smooth_acc_rms_std,win_rate_vs_noisy,win_rate_vs_stage3_cond,win_rate_vs_formal_e1,motion_usage_ratio,noisy_reversion_gap,bias_offset_error
gaussian_medium,noisy_input,archived_original,200,0.0588282532989978,0.5,0.05,1.0,0.06256657134741545,0.007723502393778212,0.06269949674606323,0.042232804000377655,0.08243260532617569,0.057302757166326046,0.06738557666540146,0.06978799451142549,0.008084759959307826,0.2611900069564581,0.11554207507516223,1.0,0.27,0.075,,0.0,
gaussian_medium,stage3_cond_residual_t20,archived_original,200,0.0588282532989978,0.5,0.05,1.0,0.05569540362805128,0.016248208078876503,0.054266996681690216,0.02222782000899315,0.11192576587200165,0.04400283098220825,0.06538769230246544,0.06175982628017664,0.017118860284000278,0.20175429802387954,0.133281552207929,0.73,1.0,0.175,,-0.006871171295642853,
gaussian_medium,formal_e1_linear_gate,archived_original,200,0.0588282532989978,0.5,0.05,1.0,0.048260452654212714,0.010380068028860757,0.04763861745595932,0.026641855016350746,0.0742424875497818,0.04037840384989977,0.05533562134951353,0.05540073438547552,0.01201016678743289,0.21503765609115363,0.12675550509927513,0.925,0.825,1.0,,-0.014306120574474335,
gaussian_medium,V1_abs_anchor_smooth,archived_original,200,0.0588282532989978,0.5,0.05,1.0,0.049930556192994115,0.015879868198757766,0.04414200037717819,0.028798077255487442,0.10960408300161362,0.039050367660820484,0.05478193983435631,0.056832365915179255,0.01923436325919354,0.1108501147478819,0.038251330668261724,0.815,0.705,0.595,1.3547843276901914,-0.012636017054319382,
gaussian_medium,V2_uniform_cond_motion,archived_original,200,0.0588282532989978,0.5,0.05,1.0,0.03972227104939521,0.00768148295403476,0.04013019613921642,0.021717358380556107,0.059429191052913666,0.03367145266383886,0.04486972466111183,0.04483003969304264,0.008510764956978478,0.1665409143269062,0.09610201329974896,1.0,0.895,0.885,1.0251676760104622,-0.02284429967403412,
gaussian_medium,V3_conf_mod_cond_motion,archived_original,200,0.0588282532989978,0.5,0.05,1.0,0.041733316872268916,0.007997459128013378,0.04153457097709179,0.023626208305358887,0.0654713436961174,0.03546828031539917,0.04700511693954468,0.04684341290034354,0.0090033671662414,0.1556992181763053,0.08332679997555412,0.99,0.87,0.845,1.06645154844328,-0.020833253860473633,
drift_medium,noisy_input,archived_original,200,0.0156782567501068,0.5,0.05,1.0,0.01764802380464971,0.006858701927017938,0.016565647907555103,0.005397857632488012,0.04755106940865517,0.012692087097093463,0.02109011448919773,0.019893229990266263,0.007550204747783463,0.17735303912311792,0.1444605195431318,1.0,0.9,0.7,,0.0,
drift_medium,stage3_cond_residual_t20,archived_original,200,0.0156782567501068,0.5,0.05,1.0,0.031590759456157684,0.013206040482042243,0.0292643578723073,0.009934687986969948,0.07471559941768646,0.021158004645258188,0.03951755166053772,0.035275070904754104,0.014546020012279358,0.17216169304214418,0.14721236659467327,0.1,1.0,0.005,,0.01394273154437542,
drift_medium,formal_e1_linear_gate,archived_original,200,0.0156782567501068,0.5,0.05,1.0,0.023272145786322654,0.01130550849881661,0.021687733009457588,0.005584058351814747,0.05609063431620598,0.013992024352774024,0.029976731166243553,0.027089523207396268,0.013220446118745914,0.1735934672690928,0.14649243735500278,0.3,0.995,1.0,,0.005624121055006981,
drift_medium,V1_abs_anchor_smooth,archived_original,200,0.0156782567501068,0.5,0.05,1.0,0.03161068115849048,0.020320126819647635,0.023740007542073727,0.0075106630101799965,0.09248073399066925,0.01646033488214016,0.042347599752247334,0.038271182016469535,0.024861908670956084,0.08460663207340985,0.045724180443334504,0.005,0.59,0.405,3.0102096201047455,0.013962654396891594,
drift_medium,V2_uniform_cond_motion,archived_original,200,0.0156782567501068,0.5,0.05,1.0,0.021082640327513218,0.007574679691356935,0.020324354991316795,0.00688538420945406,0.04384027048945427,0.015025779604911804,0.026739113498479128,0.02433450452517718,0.008867054591475604,0.13998611594550311,0.10813667389038178,0.185,0.8,0.56,1.4337423306243209,0.003434615209698677,
drift_medium,V3_conf_mod_cond_motion,archived_original,200,0.0156782567501068,0.5,0.05,1.0,0.02229898248799145,0.008676846184444045,0.02080015279352665,0.00695383083075285,0.045879751443862915,0.015233384910970926,0.028430037666112185,0.025897496561519802,0.010140222676423229,0.13162627175450325,0.09787881066866379,0.12,0.77,0.54,1.619878214449455,0.004650959745049477,
burst_medium,noisy_input,archived_original,200,0.0140544418245553,0.5,0.05,1.0,0.07475545567460358,0.020440685283591914,0.07311102375388145,0.028182363137602806,0.12841452658176422,0.06095432676374912,0.08700680360198021,0.1573742324858904,0.04307914459339993,0.44725912913680077,0.15005095328181844,1.0,0.74,0.38,,0.0,
burst_medium,stage3_cond_residual_t20,archived_original,200,0.0140544418245553,0.5,0.05,1.0,0.09188490455970168,0.032011635357013936,0.08650604635477066,0.02710876241326332,0.20040464401245117,0.06978483498096466,0.10792851448059082,0.13624386109411715,0.039482337169571335,0.3420810113847256,0.14032668235702456,0.26,1.0,0.0,,0.017129451036453247,
burst_medium,formal_e1_linear_gate,archived_original,200,0.0140544418245553,0.5,0.05,1.0,0.07392223074100912,0.02352517906591385,0.07093875110149384,0.01934189721941948,0.15406052768230438,0.057349796406924725,0.08738765306770802,0.1280084690451622,0.037296243490692306,0.34343705993145707,0.13776141505405287,0.62,1.0,1.0,,-0.0008332282304763794,
burst_medium,V1_abs_anchor_smooth,archived_original,200,0.0140544418245553,0.5,0.05,1.0,0.039267748622223736,0.02932478777112847,0.030052888207137585,0.008494505658745766,0.17665505409240723,0.01791663095355034,0.050411125645041466,0.057843748168088495,0.04489913186010684,0.088699497776106,0.04771430969879568,0.86,0.925,0.875,2.5849143641523087,-0.03548771142959595,
burst_medium,V2_uniform_cond_motion,archived_original,200,0.0140544418245553,0.5,0.05,1.0,0.054175402238033715,0.016119548326033507,0.05343952029943466,0.01446299534291029,0.10208076238632202,0.04290343169122934,0.06342757679522038,0.1027085662074387,0.03245480497520171,0.2655713853985071,0.10258927520819024,0.98,1.0,0.975,1.2850201395794318,-0.020580053329467773,
burst_medium,V3_conf_mod_cond_motion,archived_original,200,0.0140544418245553,0.5,0.05,1.0,0.055555440792813895,0.017776551404816925,0.0542310681194067,0.015263693407177925,0.12162020057439804,0.04213188774883747,0.0662994384765625,0.1029532602801919,0.033306251864121866,0.25263319864869116,0.09170886474102281,0.915,0.985,0.94,1.3730666282933894,-0.019200019538402557,
bias_medium,noisy_input,archived_original,200,0.1729253381490707,0.5,0.05,1.0,0.18899561773054302,0.09570648275368515,0.17292532324790955,0.018522217869758606,0.5542881488800049,0.11715594492852688,0.25482869148254395,0.18899561768397688,0.09570648421092105,0.1769802125915885,0.14451258749622634,1.0,0.51,0.465,,0.0,0.1889956295490265
bias_medium,stage3_cond_residual_t20,archived_original,200,0.1729253381490707,0.5,0.05,1.0,0.18886824702844024,0.09305164431430993,0.17014080286026,0.01407451368868351,0.5094497203826904,0.12098105251789093,0.2507086545228958,0.1894889370026067,0.09281330536325431,0.17207910179160535,0.14710228968388045,0.49,1.0,0.48,,-0.00012737512588500977,0.188100203871727
bias_medium,formal_e1_linear_gate,archived_original,200,0.1729253381490707,0.5,0.05,1.0,0.18764434463344515,0.09408973809268345,0.16966387629508972,0.016523906961083412,0.5112358331680298,0.11833658628165722,0.24939808249473572,0.1878485344722867,0.09411699713953528,0.17348133540712296,0.14627127510097743,0.535,0.52,1.0,,-0.001351282000541687,0.1874406635761261
bias_medium,V1_abs_anchor_smooth,archived_original,200,0.1729253381490707,0.5,0.05,1.0,0.19117644913494586,0.09525411007493058,0.17672693729400635,0.02011985331773758,0.5544630289077759,0.11847495287656784,0.25518887490034103,0.19290470564737916,0.09546133669142663,0.08725534909870475,0.04946373768505619,0.0,0.44,0.39,3.0506953179395047,0.002180829644203186,0.18899554014205933
bias_medium,V2_uniform_cond_motion,archived_original,200,0.1729253381490707,0.5,0.05,1.0,0.1894304949324578,0.09550206443901689,0.17305748164653778,0.01936930976808071,0.5544999837875366,0.1172938384115696,0.254977323114872,0.18979587114416063,0.09543677522050592,0.14043257801793516,0.10851547619961335,0.0,0.48,0.435,1.480128797951988,0.00043487548828125,0.18899554014205933
bias_medium,V3_conf_mod_cond_motion,archived_original,200,0.1729253381490707,0.5,0.05,1.0,0.18975559255108237,0.09518287125099699,0.17310234904289246,0.01992928609251976,0.5544982552528381,0.11817527376115322,0.254977710545063,0.19029835391789673,0.09502065902685744,0.1310271927062422,0.09695787286423174,0.0,0.465,0.415,1.7200262068924237,0.0007599592208862305,0.18899554014205933
jump_medium,noisy_input,matched_protocol_recomputed,200,0.3028247952461242,0.5,0.05,1.0,0.2633684479258955,0.08900570592273585,0.266131266951561,0.04890738055109978,0.48623141646385193,0.20305301621556282,0.3371465355157852,0.3039983555674553,0.07002779179959177,0.3274511995539069,0.12887020198574295,1.0,0.255,0.14,,0.0,
jump_medium,stage3_cond_residual_t20,matched_protocol_recomputed,200,0.3028247952461242,0.5,0.05,1.0,0.24652286302298307,0.08240883364725572,0.24732446670532227,0.07137902826070786,0.456742525100708,0.18740199133753777,0.30720459669828415,0.279366164393723,0.07063953733763645,0.2572945923730731,0.12449875116074444,0.745,1.0,0.45,,-0.016845569014549255,
jump_medium,formal_e1_linear_gate,matched_protocol_recomputed,200,0.3028247952461242,0.5,0.05,1.0,0.24626389859244227,0.08575965088120378,0.25068505108356476,0.04807679355144501,0.45092955231666565,0.19236331433057785,0.3092386797070503,0.28447542946785687,0.06885434392963605,0.2804788265004754,0.12234221360005901,0.86,0.55,1.0,,-0.01710452139377594,
jump_medium,V1_abs_anchor_smooth,matched_protocol_recomputed,200,0.3028247952461242,0.5,0.05,1.0,0.2540943944081664,0.08646792548989637,0.2569698989391327,0.052424512803554535,0.4683291018009186,0.19314759597182274,0.3256258890032768,0.2923897470906377,0.07120024468510583,0.15451952777802944,0.04234442853349314,0.895,0.41,0.3,1.7771681223244167,-0.009274035692214966,
jump_medium,V2_uniform_cond_motion,matched_protocol_recomputed,200,0.3028247952461242,0.5,0.05,1.0,0.25244130728766323,0.08588356467950757,0.2553289830684662,0.053954727947711945,0.4568493366241455,0.19388126954436302,0.32382063567638397,0.28853528063744305,0.07009950609097718,0.2180848216637969,0.09113236450940158,0.945,0.425,0.345,1.1423327749507464,-0.01092711091041565,
jump_medium,V3_conf_mod_cond_motion,matched_protocol_recomputed,200,0.3028247952461242,0.5,0.05,1.0,0.25281018789857623,0.08580635173312287,0.25606442987918854,0.051575399935245514,0.4584539830684662,0.19311289489269257,0.3252759054303169,0.2892936697229743,0.07007058948352785,0.20770447961986066,0.08274441105349249,0.94,0.42,0.34,1.2233943866746737,-0.010558247566223145,
combined_medium,noisy_input,matched_protocol_recomputed,200,0.1881377846002578,0.5,0.05,1.0,0.19906376529484987,0.08674738569816912,0.17769387364387512,0.06503268331289291,0.46724629402160645,0.1337735801935196,0.2564881145954132,0.20530211247503757,0.08480337313103879,0.2613169875741005,0.11570444742545041,1.0,0.475,0.365,,0.0,
combined_medium,stage3_cond_residual_t20,matched_protocol_recomputed,200,0.1881377846002578,0.5,0.05,1.0,0.19742934755980968,0.09009167794405142,0.1748717948794365,0.041324079036712646,0.4757230877876282,0.13107502460479736,0.25557541102170944,0.20076545659452677,0.08898435384999327,0.20164957989007234,0.1335409194937544,0.525,1.0,0.415,,-0.0016344040632247925,
combined_medium,formal_e1_linear_gate,matched_protocol_recomputed,200,0.1881377846002578,0.5,0.05,1.0,0.19420388029888272,0.08964599055840755,0.17031995207071304,0.05562698841094971,0.47272205352783203,0.12848557904362679,0.2531992942094803,0.19846601521596313,0.08799669236232951,0.2208421852439642,0.12660639265193396,0.635,0.585,1.0,,-0.004859864711761475,
combined_medium,V1_abs_anchor_smooth,matched_protocol_recomputed,200,0.1881377846002578,0.5,0.05,1.0,0.1933827268332243,0.08719550084477361,0.1755029559135437,0.05312006548047066,0.46212702989578247,0.12873894721269608,0.25064629316329956,0.1987165518850088,0.08604538926543068,0.11797253312543035,0.0436045711598318,0.88,0.56,0.535,1.286917181558389,-0.005681037902832031,
combined_medium,V2_uniform_cond_motion,matched_protocol_recomputed,200,0.1881377846002578,0.5,0.05,1.0,0.1900177237391472,0.0883693287397823,0.17100580781698227,0.04586227983236313,0.4606934189796448,0.1244619358330965,0.24753181263804436,0.19358670383691787,0.0870027288107945,0.16885775728151203,0.09574875551331634,1.0,0.605,0.615,0.9971017597495367,-0.009046047925949097,
combined_medium,V3_conf_mod_cond_motion,matched_protocol_recomputed,200,0.1881377846002578,0.5,0.05,1.0,0.19089931067079305,0.08759283141358928,0.1713707372546196,0.04985187202692032,0.46056681871414185,0.12632623687386513,0.24778558313846588,0.19473091991618274,0.08607039359706532,0.15953025477007032,0.0838868278776504,0.995,0.59,0.58,1.0240131462722435,-0.008164450526237488,
