condition,zeta,t,likelihood_before_step,likelihood_after_step,likelihood_increased,ADE_before_step,ADE_after_step,ADE_increased,grad_norm_mean,grad_norm_max,update_to_x_ratio_mean,update_to_x_ratio_max,finite
gaussian_medium,1e-05,5,3.217207908630371,3.735339403152466,True,0.06119450554251671,0.06866416335105896,True,21.943025588989258,30.082332611083984,3.677757558762096e-05,0.0001095529441954568,True
gaussian_medium,1e-05,4,3.544154405593872,4.00893497467041,True,0.06866416335105896,0.07082618027925491,True,21.921119689941406,29.87972068786621,3.698900400195271e-05,0.00011931768676731735,True
gaussian_medium,1e-05,3,3.8334829807281494,4.162397384643555,True,0.07082618027925491,0.07186595350503922,True,22.363489151000977,28.932388305664062,3.807381654041819e-05,0.00012513564433902502,True
gaussian_medium,1e-05,2,3.997501850128174,4.292405128479004,True,0.07186595350503922,0.07296620309352875,True,22.542078018188477,29.020553588867188,3.863789243041538e-05,0.0001298047718591988,True
gaussian_medium,1e-05,1,4.1431169509887695,4.300088882446289,True,0.07296620309352875,0.07313752174377441,True,22.925315856933594,29.283489227294922,3.9427512092515826e-05,0.0001307558559346944,True
gaussian_medium,1e-05,0,4.175600528717041,4.213216304779053,True,0.07313752174377441,0.07288628816604614,False,23.087417602539062,29.855091094970703,3.982721682405099e-05,0.00013229838805273175,True
gaussian_medium,3e-05,5,3.217207908630371,3.7262353897094727,True,0.06119450554251671,0.06858225166797638,True,21.943025588989258,30.082332611083984,0.00011033272312488407,0.0003286588180344552,True
gaussian_medium,3e-05,4,3.534982442855835,3.991081714630127,True,0.06858225166797638,0.07065931707620621,True,21.892847061157227,29.876916885375977,0.00011082780838478357,0.0003580728662200272,True
gaussian_medium,3e-05,3,3.815415143966675,4.135468006134033,True,0.07065931707620621,0.07160884886980057,True,22.31686782836914,28.927169799804688,0.00011398449714761227,0.0003753081546165049,True
gaussian_medium,3e-05,2,3.9702699184417725,4.2561492919921875,True,0.07160884886980057,0.07261553406715393,True,22.4762020111084,29.0119686126709,0.00011557897960301489,0.00038913183379918337,True
gaussian_medium,3e-05,1,4.106444358825684,4.254428863525391,True,0.07261553406715393,0.07269774377346039,True,22.83317756652832,29.27666473388672,0.00011781029752455652,0.00039205828215926886,True
gaussian_medium,3e-05,0,4.129434585571289,4.156378746032715,True,0.07269774377346039,0.0723487138748169,False,22.964874267578125,29.844329833984375,0.00011885708227055147,0.0003966695803683251,True
gaussian_medium,0.0001,5,3.217207908630371,3.6945130825042725,True,0.06119450554251671,0.06829745322465897,True,21.943025588989258,30.082332611083984,0.00036777573404833674,0.0010955294128507376,True
gaussian_medium,0.0001,4,3.5030322074890137,3.9292314052581787,True,0.06829745322465897,0.07008375972509384,True,21.79571533203125,29.867290496826172,0.0003678202338051051,0.0011888768058270216,True
gaussian_medium,0.0001,3,3.752840757369995,4.0426411628723145,True,0.07008375972509384,0.07072772085666656,True,22.154159545898438,28.92247772216797,0.00037720578256994486,0.0012489024084061384,True
gaussian_medium,0.0001,2,3.87642240524292,4.131777286529541,True,0.07072772085666656,0.07142236083745956,True,22.238006591796875,28.9793758392334,0.0003811942005995661,0.0012954077683389187,True
gaussian_medium,0.0001,1,3.9807064533233643,4.098628044128418,True,0.07142236083745956,0.0712103322148323,False,22.50235366821289,29.252092361450195,0.0003870326036121696,0.0013051299611106515,True
gaussian_medium,0.0001,0,3.97196626663208,3.9633097648620605,False,0.0712103322148323,0.07054350525140762,False,22.520082473754883,29.806032180786133,0.00038861954817548394,0.0013190781464800239,True
gaussian_medium,0.0003,5,3.217207908630371,3.605119228363037,True,0.06119450554251671,0.06750047206878662,True,21.943025588989258,30.082332611083984,0.0011033272603526711,0.0032865884713828564,True
gaussian_medium,0.0003,4,3.413093090057373,3.7581424713134766,True,0.06750047206878662,0.06851080060005188,True,21.506855010986328,29.81618881225586,0.001089099794626236,0.0035628508776426315,True
gaussian_medium,0.0003,3,3.5799450874328613,3.790095806121826,True,0.06851080060005188,0.06837208569049835,False,21.656679153442383,28.94060516357422,0.001106197014451027,0.003746245289221406,True
gaussian_medium,0.0003,2,3.6214160919189453,3.799009323120117,True,0.06837208569049835,0.0682978555560112,False,21.515823364257812,28.8693790435791,0.001106525189243257,0.0038664734456688166,True
gaussian_medium,0.0003,1,3.6448895931243896,3.689424991607666,True,0.0682978555560112,0.06739692389965057,False,21.478328704833984,29.16965103149414,0.00110817130189389,0.003883822588250041,True
gaussian_medium,0.0003,0,3.5590288639068604,3.464569330215454,False,0.06739692389965057,0.06603442877531052,False,21.124755859375,29.657875061035156,0.001094325678423047,0.0039239008910954,True
gaussian_medium,0.001,5,3.217207908630371,3.3088831901550293,True,0.06119450554251671,0.0649120956659317,True,21.943025588989258,30.082332611083984,0.003677757689729333,0.010955294594168663,True
gaussian_medium,0.001,4,3.116211414337158,3.2315311431884766,True,0.0649120956659317,0.06384644657373428,False,20.390905380249023,29.718509674072266,0.003446301445364952,0.01185737643390894,True
gaussian_medium,0.001,3,3.0506489276885986,3.0646679401397705,True,0.06384644657373428,0.06193776801228523,False,19.79349136352539,28.648679733276367,0.0033763309475034475,0.012205386534333229,True
gaussian_medium,0.001,2,2.8938918113708496,2.918548822402954,True,0.06193776801228523,0.06049856171011925,False,18.57840347290039,28.3033390045166,0.003186761634424329,0.012400996871292591,True
gaussian_medium,0.001,1,2.7644896507263184,2.6935551166534424,False,0.06049856171011925,0.05878707021474838,False,17.444149017333984,28.652376174926758,0.0029959266539663076,0.01236769463866949,True
gaussian_medium,0.001,0,2.5643646717071533,2.351339817047119,False,0.05878707021474838,0.05700310692191124,False,15.884531021118164,28.82915687561035,0.002741066040471196,0.01211242750287056,True
drift_medium,1e-05,5,2.381631374359131,2.7022008895874023,True,0.034919753670692444,0.04394381120800972,True,20.969484329223633,29.678157806396484,4.451049608178437e-05,0.00021723790268879384,True
drift_medium,1e-05,4,2.698927640914917,2.9110846519470215,True,0.04394381120800972,0.04628680646419525,True,21.405359268188477,29.90532875061035,4.568979056784883e-05,0.00021498477144632488,True
drift_medium,1e-05,3,2.9158835411071777,3.0719728469848633,True,0.04628680646419525,0.04753509908914566,True,22.05331039428711,30.52695655822754,4.741884913528338e-05,0.0002303370420122519,True
drift_medium,1e-05,2,3.0801737308502197,3.2172141075134277,True,0.04753509908914566,0.049121469259262085,True,22.480894088745117,30.384376525878906,4.812153201783076e-05,0.00023290197714231908,True
drift_medium,1e-05,1,3.2436110973358154,3.261385679244995,True,0.049121469259262085,0.049796465784311295,True,23.02650260925293,30.518781661987305,4.92084254801739e-05,0.00024149793898686767,True
drift_medium,1e-05,0,3.2833683490753174,3.270839214324951,False,0.049796465784311295,0.05018657073378563,True,23.448484420776367,30.61834144592285,5.044685894972645e-05,0.00024971156381070614,True
drift_medium,3e-05,5,2.381631374359131,2.6943984031677246,True,0.034919753670692444,0.0438762828707695,True,20.969484329223633,29.678157806396484,0.0001335314882453531,0.0006517136353068054,True
drift_medium,3e-05,4,2.690986394882202,2.8956310749053955,True,0.0438762828707695,0.04615121707320213,True,21.381961822509766,29.90152359008789,0.00013690884225070477,0.0006452783709391952,True
drift_medium,3e-05,3,2.9001944065093994,3.048100233078003,True,0.04615121707320213,0.04731950908899307,True,22.011953353881836,30.47730255126953,0.00014197564451023936,0.0006906712660565972,True
drift_medium,3e-05,2,3.055931568145752,3.184638738632202,True,0.04731950908899307,0.04881805554032326,True,22.421899795532227,30.34928321838379,0.00014397641643881798,0.0006976655567996204,True
drift_medium,3e-05,1,3.210512638092041,3.2193825244903564,True,0.04881805554032326,0.049406036734580994,True,22.945663452148438,30.510042190551758,0.0001471505529480055,0.0007226243615150452,True
drift_medium,3e-05,0,3.2408008575439453,3.2171945571899414,False,0.049406036734580994,0.04969196021556854,True,23.340988159179688,30.59383201599121,0.00015068247739691287,0.0007481311913579702,True
drift_medium,0.0001,5,2.381631374359131,2.6672561168670654,True,0.034919753670692444,0.043642472475767136,True,20.969484329223633,29.678157806396484,0.0004451049317140132,0.002172379055991769,True
drift_medium,0.0001,4,2.6633615493774414,2.8422060012817383,True,0.043642472475767136,0.04568610340356827,True,21.303691864013672,29.88797378540039,0.0004546946147456765,0.0021432358771562576,True
drift_medium,0.0001,3,2.8459694385528564,2.965986728668213,True,0.04568610340356827,0.04658589884638786,True,21.869667053222656,30.420005798339844,0.00047008140245452523,0.002302405657246709,True
drift_medium,0.0001,2,2.972562551498413,3.073134183883667,True,0.04658589884638786,0.047791656106710434,True,22.206878662109375,30.226884841918945,0.00047522623208351433,0.002313991542905569,True
drift_medium,0.0001,1,3.097243070602417,3.0763137340545654,False,0.047791656106710434,0.04809723049402237,True,22.65716552734375,30.496864318847656,0.00048492822679691017,0.0024027242325246334,True
drift_medium,0.0001,0,3.095846652984619,3.0350685119628906,False,0.04809723049402237,0.04804789274930954,False,22.9510555267334,30.50020980834961,0.0004943404346704483,0.0024786200374364853,True
drift_medium,0.0003,5,2.381631374359131,2.5911779403686523,True,0.034919753670692444,0.042996034026145935,True,20.969484329223633,29.678157806396484,0.001335314940661192,0.00651713740080595,True
drift_medium,0.0003,4,2.585933208465576,2.6954410076141357,True,0.042996034026145935,0.04444054514169693,True,21.077152252197266,29.83123207092285,0.0013497979380190372,0.0064017088152468204,True
drift_medium,0.0003,3,2.697108507156372,2.744175910949707,True,0.04444054514169693,0.0446663498878479,True,21.451631546020508,30.264497756958008,0.001382010173983872,0.006882415618747473,True
drift_medium,0.0003,2,2.747565507888794,2.7768983840942383,True,0.0446663498878479,0.04516549035906792,True,21.554813385009766,30.03388214111328,0.001383951515890658,0.006931085605174303,True
drift_medium,0.0003,1,2.796459913253784,2.7028748989105225,False,0.04516549035906792,0.04485824704170227,False,21.779312133789062,30.407289505004883,0.0014027104480192065,0.00713162450119853,True
drift_medium,0.0003,0,2.7177963256835938,2.5655508041381836,False,0.04485824704170227,0.04409091919660568,False,21.746978759765625,30.36549186706543,0.0014089513570070267,0.007274022325873375,True
drift_medium,0.001,5,2.381631374359131,2.3445141315460205,False,0.034919753670692444,0.04100180044770241,True,20.969484329223633,29.678157806396484,0.004451049957424402,0.0217237900942564,True
drift_medium,0.001,4,2.3350484371185303,2.257821559906006,False,0.04100180044770241,0.04108898341655731,True,20.214603424072266,29.59708595275879,0.004322473891079426,0.02162245661020279,True
drift_medium,0.001,3,2.2549378871917725,2.1284799575805664,False,0.04108898341655731,0.03990177810192108,False,19.985010147094727,29.551916122436523,0.004300673026591539,0.022523004561662674,True
drift_medium,0.001,2,2.1256542205810547,2.0140271186828613,False,0.03990177810192108,0.03920740634202957,False,19.079755783081055,29.3185977935791,0.004112761002033949,0.022012734785676003,True
drift_medium,0.001,1,2.0234646797180176,1.816156268119812,False,0.03920740634202957,0.03846972808241844,False,18.625526428222656,29.846012115478516,0.003968168515712023,0.022373974323272705,True
drift_medium,0.001,0,1.824399471282959,1.5339609384536743,False,0.03846972808241844,0.037311263382434845,False,17.2247257232666,29.02994155883789,0.003705420298501849,0.02206082083284855,True
burst_medium,1e-05,5,4.282298564910889,5.157430171966553,True,0.0712660700082779,0.10590628534555435,True,21.246315002441406,30.248153686523438,2.581970693427138e-05,7.388748053926975e-05,True
burst_medium,1e-05,4,4.75619649887085,5.510049343109131,True,0.10590628534555435,0.10938174277544022,True,21.773414611816406,30.86764907836914,2.6720021196524613e-05,7.52913038013503e-05,True
burst_medium,1e-05,3,5.125914573669434,5.780139446258545,True,0.10938174277544022,0.11173558235168457,True,22.14003562927246,29.51591682434082,2.74806770903524e-05,7.667587487958372e-05,True
burst_medium,1e-05,2,5.4016242027282715,5.982292652130127,True,0.11173558235168457,0.11368224769830704,True,22.415613174438477,29.63456916809082,2.8049989850842394e-05,7.828473462723196e-05,True
burst_medium,1e-05,1,5.624279499053955,6.039450168609619,True,0.11368224769830704,0.1141909509897232,True,22.796329498291016,29.28309440612793,2.872762161132414e-05,7.739807188045233e-05,True
burst_medium,1e-05,0,5.70905876159668,5.918855667114258,True,0.1141909509897232,0.1132514551281929,False,23.02867317199707,29.8380126953125,2.9113512937328778e-05,7.759300933685154e-05,True
burst_medium,3e-05,5,4.282298564910889,5.148367404937744,True,0.0712660700082779,0.10580867528915405,True,21.246315002441406,30.248153686523438,7.745912444079295e-05,0.00022166244161780924,True
burst_medium,3e-05,4,4.747031211853027,5.491934776306152,True,0.10580867528915405,0.10918401926755905,True,21.755367279052734,30.865726470947266,8.009260636754334e-05,0.00022578022617381066,True
burst_medium,3e-05,3,5.107573509216309,5.752590656280518,True,0.10918401926755905,0.11143233627080917,True,22.105789184570312,29.468095779418945,8.231392712332308e-05,0.00022983130475040525,True
burst_medium,3e-05,2,5.373781204223633,5.944962024688721,True,0.11143233627080917,0.11327072232961655,True,22.364824295043945,29.636329650878906,8.395204349653795e-05,0.00023459314252249897,True
burst_medium,3e-05,1,5.586536884307861,5.992038249969482,True,0.11327072232961655,0.11366663873195648,True,22.72478485107422,29.265287399291992,8.590072684455663e-05,0.00023156529641710222,True
burst_medium,3e-05,0,5.661128520965576,5.86018705368042,True,0.11366663873195648,0.11260388046503067,False,22.933595657348633,29.82175636291504,8.69609066285193e-05,0.0002318038314115256,True
burst_medium,0.0001,5,4.282298564910889,5.116725921630859,True,0.0712660700082779,0.10546793788671494,True,21.246315002441406,30.248153686523438,0.0002581971057225019,0.000738874776288867,True
burst_medium,0.0001,4,4.71504020690918,5.428937911987305,True,0.10546793788671494,0.10849632322788239,True,21.688993453979492,30.859905242919922,0.00026614003581926227,0.0007517838384956121,True
burst_medium,0.0001,3,5.043812274932861,5.657106399536133,True,0.10849632322788239,0.11038102954626083,True,21.989723205566406,29.4476261138916,0.00027292955201119184,0.0007637898670509458,True
burst_medium,0.0001,2,5.277319431304932,5.816030502319336,True,0.11038102954626083,0.11184941232204437,True,22.183849334716797,29.621318817138672,0.0002774792374111712,0.0007782915490679443,True
burst_medium,0.0001,1,5.456264495849609,5.828912258148193,True,0.11184941232204437,0.11186269670724869,True,22.468734741210938,29.26105499267578,0.00028297057724557817,0.0007640718831680715,True
burst_medium,0.0001,0,5.49630880355835,5.659048080444336,True,0.11186269670724869,0.11038383841514587,False,22.590089797973633,29.76136016845703,0.00028528994880616665,0.000759813585318625,True
burst_medium,0.0003,5,4.282298564910889,5.027045726776123,True,0.0712660700082779,0.1045030802488327,True,21.246315002441406,30.248153686523438,0.0007745912880636752,0.002216624328866601,True
burst_medium,0.0003,4,4.624423027038574,5.252627372741699,True,0.1045030802488327,0.10657216608524323,True,21.490554809570312,30.837743759155273,0.0007909455453045666,0.002240723930299282,True
burst_medium,0.0003,3,4.865512847900391,5.392776966094971,True,0.10657216608524323,0.10746951401233673,True,21.626991271972656,29.666749954223633,0.000805097515694797,0.0022721593268215656,True
burst_medium,0.0003,2,5.010640621185303,5.463241100311279,True,0.10746951401233673,0.1079590916633606,True,21.631855010986328,29.425722122192383,0.0008108282345347106,0.0022933108266443014,True
burst_medium,0.0003,1,5.1005353927612305,5.388087749481201,True,0.1079590916633606,0.10699047893285751,False,21.689714431762695,29.227720260620117,0.0008181880693882704,0.002205020748078823,True
burst_medium,0.0003,0,5.05195426940918,5.122376441955566,True,0.10699047893285751,0.104459747672081,False,21.526382446289062,29.555198669433594,0.0008132374496199191,0.0021241731010377407,True
burst_medium,0.001,5,4.282298564910889,4.722409725189209,True,0.0712660700082779,0.1012282595038414,True,21.246315002441406,30.248153686523438,0.002581970999017358,0.007388748694211245,True
burst_medium,0.001,4,4.317493438720703,4.68235445022583,True,0.1012282595038414,0.10034475475549698,False,20.727684020996094,30.486968994140625,0.0025399280712008476,0.007321218494325876,True
burst_medium,0.001,3,4.291474342346191,4.575098991394043,True,0.10034475475549698,0.09845983237028122,False,20.20009994506836,29.901092529296875,0.0025010693352669477,0.00716351717710495,True
burst_medium,0.001,2,4.1925177574157715,4.425879001617432,True,0.09845983237028122,0.09649977087974548,False,19.353744506835938,28.903066635131836,0.0024061817675828934,0.00683026434853673,True
burst_medium,0.001,1,4.065348148345947,4.163654327392578,True,0.09649977087974548,0.0934629961848259,False,18.576786041259766,28.91448211669922,0.002321269130334258,0.0058126854710280895,True
burst_medium,0.001,0,3.834491729736328,3.722383975982666,False,0.0934629961848259,0.0889766737818718,False,17.266870498657227,29.076704025268555,0.002150687389075756,0.006088323425501585,True
bias_medium,1e-05,5,2.2524027824401855,2.560610294342041,True,0.18391107022762299,0.18656069040298462,True,22.19782257080078,31.494749069213867,4.7701945732114837e-05,0.00023586725001223385,True
bias_medium,1e-05,4,2.5896711349487305,2.807753324508667,True,0.18656069040298462,0.18718886375427246,True,22.489906311035156,31.974594116210938,4.847224772674963e-05,0.00025554868625476956,True
bias_medium,1e-05,3,2.841553211212158,2.9652507305145264,True,0.18718886375427246,0.1871088296175003,False,23.036745071411133,32.63007736206055,5.0079841457773e-05,0.0002708984538912773,True
bias_medium,1e-05,2,3.00350022315979,3.121344804763794,True,0.1871088296175003,0.18772833049297333,True,23.46265983581543,32.45500183105469,5.072464045952074e-05,0.00027665129164233804,True
bias_medium,1e-05,1,3.172680139541626,3.1821513175964355,True,0.18772833049297333,0.18811796605587006,True,23.980838775634766,32.92618179321289,5.173140743863769e-05,0.00027609147946350276,True
bias_medium,1e-05,0,3.2230546474456787,3.204995632171631,False,0.18811796605587006,0.18819722533226013,True,24.551504135131836,33.329593658447266,5.31692203367129e-05,0.00027854592190124094,True
bias_medium,3e-05,5,2.2524027824401855,2.552016019821167,True,0.18391107022762299,0.18654102087020874,True,22.19782257080078,31.494749069213867,0.0001431058335583657,0.000707601779140532,True
bias_medium,3e-05,4,2.5809853076934814,2.7909231185913086,True,0.18654102087020874,0.18714776635169983,True,22.46865463256836,31.965248107910156,0.0001452903961762786,0.0007663904689252377,True
bias_medium,3e-05,3,2.824467658996582,2.939378261566162,True,0.18714776635169983,0.18704284727573395,False,22.996492385864258,32.6231575012207,0.0001499759528087452,0.0008141667349264026,True
bias_medium,3e-05,2,2.9773032665252686,3.0861337184906006,True,0.18704284727573395,0.18763583898544312,True,23.39821434020996,32.437835693359375,0.00015174239524640143,0.0008301006746478379,True
bias_medium,3e-05,1,3.13704776763916,3.136727809906006,False,0.18763583898544312,0.1879977136850357,True,23.8996524810791,32.91766357421875,0.00015468537458218634,0.0008257671142928302,True
bias_medium,3e-05,0,3.177079200744629,3.146898031234741,False,0.1879977136850357,0.18804320693016052,True,24.44163703918457,33.24635696411133,0.00015881961735431105,0.0008325572125613689,True
bias_medium,0.0001,5,2.2524027824401855,2.5221381187438965,True,0.18391107022762299,0.186473086476326,True,22.19782257080078,31.494749069213867,0.0004770194354932755,0.0023586724419146776,True
bias_medium,0.0001,4,2.5507924556732178,2.732743501663208,True,0.186473086476326,0.18700778484344482,True,22.391874313354492,31.931499481201172,0.0004827578959520906,0.002558717504143715,True
bias_medium,0.0001,3,2.765425205230713,2.8504233360290527,True,0.18700778484344482,0.18682001531124115,False,22.853940963745117,32.598819732666016,0.0004967746790498495,0.002710137516260147,True
bias_medium,0.0001,2,2.887267827987671,2.96569561958313,True,0.18682001531124115,0.18732783198356628,True,23.165748596191406,32.38614273071289,0.0005006609135307372,0.00275428663007915,True
bias_medium,0.0001,1,3.0152101516723633,2.98205828666687,False,0.18732783198356628,0.18760168552398682,True,23.614675521850586,32.88404083251953,0.0005099022528156638,0.0027240500785410404,True
bias_medium,0.0001,0,3.0205953121185303,2.9497287273406982,False,0.18760168552398682,0.18754222989082336,False,24.035261154174805,33.020694732666016,0.0005209430237300694,0.0027530610095709562,True
bias_medium,0.0003,5,2.2524027824401855,2.438596725463867,True,0.18391107022762299,0.18628747761249542,True,22.19782257080078,31.494749069213867,0.001431058393791318,0.007076018489897251,True
bias_medium,0.0003,4,2.466383218765259,2.573139190673828,True,0.18628747761249542,0.18664129078388214,True,22.156299591064453,31.82528305053711,0.0014334392035380006,0.00767850037664175,True
bias_medium,0.0003,3,2.6035823822021484,2.6107754707336426,True,0.18664129078388214,0.18624918162822723,False,22.443246841430664,32.507144927978516,0.0014628275530412793,0.008407415822148323,True
bias_medium,0.0003,2,2.6449360847473145,2.6467456817626953,True,0.18624918162822723,0.18656979501247406,True,22.476865768432617,32.24913024902344,0.0014559542760252953,0.008228307589888573,True
bias_medium,0.0003,1,2.692845344543457,2.5796101093292236,False,0.18656979501247406,0.1866602599620819,True,22.74701690673828,32.737220764160156,0.001476550125516951,0.008119403384625912,True
bias_medium,0.0003,0,2.6139121055603027,2.44316029548645,False,0.1866602599620819,0.18640291690826416,False,22.743955612182617,32.79989242553711,0.001481440500356257,0.008191799744963646,True
bias_medium,0.001,5,2.2524027824401855,2.170966386795044,False,0.18391107022762299,0.18573813140392303,True,22.19782257080078,31.494749069213867,0.004770195111632347,0.023586727678775787,True
bias_medium,0.001,4,2.196324110031128,2.1011459827423096,False,0.18573813140392303,0.18569636344909668,False,21.247621536254883,31.29747772216797,0.004591602366417646,0.025050779804587364,True
bias_medium,0.001,3,2.1270415782928467,1.9605005979537964,False,0.18569636344909668,0.18492165207862854,False,21.012298583984375,31.964548110961914,0.004560316447168589,0.02727906033396721,True
bias_medium,0.001,2,1.9894264936447144,1.8417847156524658,False,0.18492165207862854,0.18501484394073486,True,20.151525497436523,31.27667236328125,0.004364605061709881,0.02513747289776802,True
bias_medium,0.001,1,1.8806307315826416,1.64531672000885,False,0.18501484394073486,0.1850580871105194,True,19.660682678222656,31.640527725219727,0.0042115175165236,0.026167936623096466,True
bias_medium,0.001,0,1.6749458312988281,1.3611174821853638,False,0.1850580871105194,0.18471646308898926,False,17.93983268737793,30.853557586669922,0.0038875117897987366,0.024562831968069077,True
jump_medium,1e-05,5,3.8384859561920166,4.598639011383057,True,0.258203387260437,0.2451246678829193,False,20.63090705871582,30.874393463134766,2.80517378996592e-05,9.723610855871812e-05,True
jump_medium,1e-05,4,4.27015495300293,4.938031196594238,True,0.2451246678829193,0.24518460035324097,True,20.81694984436035,30.697450637817383,2.853331716323737e-05,9.911437518894672e-05,True
jump_medium,1e-05,3,4.627039909362793,5.195034980773926,True,0.24518460035324097,0.24450348317623138,False,21.308059692382812,31.193363189697266,2.9481361707439646e-05,0.00010334471153328195,True
jump_medium,1e-05,2,4.89634370803833,5.404091835021973,True,0.24450348317623138,0.24471333622932434,True,21.586660385131836,31.889110565185547,3.012523302459158e-05,0.0001043571246555075,True
jump_medium,1e-05,1,5.127718448638916,5.457356929779053,True,0.24471333622932434,0.24455834925174713,False,22.015605926513672,32.70413589477539,3.0898070690454915e-05,0.00010608726734062657,True
jump_medium,1e-05,0,5.207728862762451,5.356403827667236,True,0.24455834925174713,0.24526968598365784,True,22.37017059326172,33.31024932861328,3.156933962600306e-05,0.0001078515051631257,True
jump_medium,3e-05,5,3.8384859561920166,4.5904412269592285,True,0.258203387260437,0.24512283504009247,False,20.63090705871582,30.874393463134766,8.415520278504118e-05,0.0002917083038482815,True
jump_medium,3e-05,4,4.26182746887207,4.921716213226318,True,0.24512283504009247,0.2451799064874649,True,20.794113159179688,30.693248748779297,8.550258644390851e-05,0.000297320366371423,True
jump_medium,3e-05,3,4.610468864440918,5.170239448547363,True,0.2451799064874649,0.24449139833450317,False,21.270896911621094,31.186479568481445,8.828505087876692e-05,0.00030991921084932983,True
jump_medium,3e-05,2,4.871129989624023,5.370382308959961,True,0.24449139833450317,0.24469412863254547,True,21.529495239257812,31.884449005126953,9.013384260470048e-05,0.00031530793057754636,True
jump_medium,3e-05,1,5.093446731567383,5.414420127868652,True,0.24469412863254547,0.24453262984752655,False,21.942277908325195,32.69932174682617,9.237563790520653e-05,0.0003173070144839585,True
jump_medium,3e-05,0,5.164094924926758,5.3027849197387695,True,0.24453262984752655,0.24523858726024628,True,22.272499084472656,33.30595016479492,9.42818951443769e-05,0.000323311222018674,True
jump_medium,0.0001,5,3.8384859561920166,4.5618510246276855,True,0.258203387260437,0.2451169639825821,False,20.63090705871582,30.874393463134766,0.00028051735716871917,0.0009723610710352659,True
jump_medium,0.0001,4,4.232794761657715,4.865083694458008,True,0.2451169639825821,0.24516570568084717,True,20.71337127685547,30.695573806762695,0.0002838600776158273,0.0009907979983836412,True
jump_medium,0.0001,3,4.5529561042785645,5.0844926834106445,True,0.24516570568084717,0.24445416033267975,False,21.13811683654785,31.189226150512695,0.0002924041182268411,0.0010401367908343673,True
jump_medium,0.0001,2,4.783963680267334,5.254233360290527,True,0.24445416033267975,0.2446359544992447,True,21.326404571533203,31.852636337280273,0.00029755919240415096,0.001049585291184485,True
jump_medium,0.0001,1,4.975412368774414,5.26704216003418,True,0.2446359544992447,0.2444574385881424,False,21.68114471435547,32.681427001953125,0.0003041328745894134,0.001055097789503634,True
jump_medium,0.0001,0,5.014395236968994,5.119449615478516,True,0.2444574385881424,0.245151549577713,True,21.921649932861328,33.289031982421875,0.0003091671969741583,0.00107350735925138,True
jump_medium,0.0003,5,3.8384859561920166,4.481069564819336,True,0.258203387260437,0.2451053112745285,False,20.63090705871582,30.874393463134766,0.0008415522170253098,0.0029170834459364414,True
jump_medium,0.0003,4,4.150829792022705,4.707334041595459,True,0.2451053112745285,0.2451445609331131,True,20.481761932373047,30.700136184692383,0.0008417117060162127,0.002963574370369315,True
jump_medium,0.0003,3,4.392882823944092,4.848605155944824,True,0.2451445609331131,0.24438980221748352,False,20.746719360351562,31.08888816833496,0.0008604731410741806,0.0030917769763618708,True
jump_medium,0.0003,2,4.544424533843994,4.938493728637695,True,0.24438980221748352,0.2445465326309204,True,20.727184295654297,31.733320236206055,0.0008672166150063276,0.003131485776975751,True
jump_medium,0.0003,1,4.655028820037842,4.871623992919922,True,0.2445465326309204,0.24436484277248383,False,20.90632438659668,32.6276741027832,0.0008788490085862577,0.003109670476987958,True
jump_medium,0.0003,0,4.613407611846924,4.6341872215271,True,0.24436484277248383,0.24507743120193481,True,20.845794677734375,33.22943878173828,0.0008804533281363547,0.003171919845044613,True
jump_medium,0.001,5,3.8384859561920166,4.210062026977539,True,0.258203387260437,0.2451273798942566,False,20.63090705871582,30.874393463134766,0.0028051738627254963,0.009723611176013947,True
jump_medium,0.001,4,3.8767380714416504,4.20582389831543,True,0.2451273798942566,0.24529273808002472,True,19.606422424316406,30.540771484375,0.0026810651179403067,0.009962767362594604,True
jump_medium,0.001,3,3.88601016998291,4.136097431182861,True,0.24529273808002472,0.24461029469966888,False,19.280460357666016,30.667037963867188,0.002661883132532239,0.010027610696852207,True
jump_medium,0.001,2,3.825295925140381,4.031970977783203,True,0.24461029469966888,0.24499544501304626,True,18.38585090637207,30.95780372619629,0.002557584550231695,0.009640536271035671,True
jump_medium,0.001,1,3.7422289848327637,3.8037538528442383,True,0.24499544501304626,0.24513350427150726,True,17.82162857055664,32.201881408691406,0.002485024044290185,0.00929796788841486,True
jump_medium,0.001,0,3.540752649307251,3.4088940620422363,False,0.24513350427150726,0.2462511658668518,True,16.64990234375,32.76736068725586,0.0023308878298848867,0.008738139644265175,True
combined_medium,1e-05,5,3.2333595752716064,3.7682747840881348,True,0.20990969240665436,0.21279498934745789,True,21.764774322509766,32.29379653930664,3.6312634620117024e-05,0.00011992197687504813,True
combined_medium,1e-05,4,3.5675952434539795,4.034360408782959,True,0.21279498934745789,0.21319754421710968,True,21.743026733398438,31.443384170532227,3.655549153336324e-05,0.0001252312504220754,True
combined_medium,1e-05,3,3.852160692214966,4.184325218200684,True,0.21319754421710968,0.21337971091270447,True,22.159788131713867,30.82958221435547,3.753280907403678e-05,0.0001272563822567463,True
combined_medium,1e-05,2,4.014267921447754,4.308457851409912,True,0.21337971091270447,0.21370545029640198,True,22.373014450073242,31.520763397216797,3.815982199739665e-05,0.00013556388148572296,True
combined_medium,1e-05,1,4.154240131378174,4.3141326904296875,True,0.21370545029640198,0.2140619307756424,True,22.646446228027344,32.0469856262207,3.879678843077272e-05,0.0001325814228039235,True
combined_medium,1e-05,0,4.18506383895874,4.2245869636535645,True,0.2140619307756424,0.21399499475955963,False,22.829374313354492,32.380252838134766,3.9227517845574766e-05,0.00013971600856166333,True
combined_medium,3e-05,5,3.2333595752716064,3.759284019470215,True,0.20990969240665436,0.21276813745498657,True,21.764774322509766,32.29379653930664,0.00010893790749832988,0.00035976595245301723,True
combined_medium,3e-05,4,3.5585477352142334,4.016798496246338,True,0.21276813745498657,0.21313859522342682,True,21.715686798095703,31.416074752807617,0.00010952899174299091,0.0003757690719794482,True
combined_medium,3e-05,3,3.834383249282837,4.157809257507324,True,0.21313859522342682,0.21328765153884888,True,22.114200592041016,30.82038116455078,0.00011237124999752268,0.0003815962409134954,True
combined_medium,3e-05,2,3.9874513149261475,4.272831916809082,True,0.21328765153884888,0.21357892453670502,True,22.306745529174805,31.5148868560791,0.00011414621985750273,0.0004064581007696688,True
combined_medium,3e-05,1,4.1182169914245605,4.269252777099609,True,0.21357892453670502,0.21390363574028015,True,22.55648422241211,32.04063034057617,0.00011593845556490123,0.00039700354682281613,True
combined_medium,3e-05,0,4.139689922332764,4.168726444244385,True,0.21390363574028015,0.21380236744880676,False,22.712112426757812,32.37289810180664,0.00011709293175954372,0.0004184772551525384,True
combined_medium,0.0001,5,3.2333595752716064,3.7279534339904785,True,0.20990969240665436,0.21267513930797577,True,21.764774322509766,32.29379653930664,0.0003631263389252126,0.0011992198415100574,True
combined_medium,0.0001,4,3.527027130126953,3.955946207046509,True,0.21267513930797577,0.21293577551841736,True,21.621530532836914,31.398273468017578,0.00036354217445477843,0.0012487467611208558,True
combined_medium,0.0001,3,3.7727999687194824,4.06636381149292,True,0.21293577551841736,0.21297357976436615,True,21.951379776000977,30.78704261779785,0.0003718682564795017,0.0012702667154371738,True
combined_medium,0.0001,2,3.894996166229248,4.150573253631592,True,0.21297357976436615,0.21315127611160278,True,22.0726375579834,31.493085861206055,0.00037656776839867234,0.0013528004055842757,True
combined_medium,0.0001,1,3.994662046432495,4.116057395935059,True,0.21315127611160278,0.21337412297725677,True,22.235254287719727,32.04098129272461,0.0003810596535913646,0.0013122220989316702,True
combined_medium,0.0001,0,3.984863519668579,3.978898525238037,False,0.21337412297725677,0.21316371858119965,False,22.283849716186523,32.346797943115234,0.00038311295793391764,0.0013857153244316578,True
combined_medium,0.0003,5,3.2333595752716064,3.6396400928497314,True,0.20990969240665436,0.21241694688796997,True,21.764774322509766,32.29379653930664,0.0010893790749832988,0.003597659757360816,True
combined_medium,0.0003,4,3.4382553100585938,3.787558078765869,True,0.21241694688796997,0.2123863846063614,False,21.342580795288086,31.20529556274414,0.0010767889907583594,0.0037523596547544003,True
combined_medium,0.0003,3,3.602522373199463,3.817215919494629,True,0.2123863846063614,0.21214504539966583,False,21.46687889099121,30.678285598754883,0.0010912329889833927,0.003773518605157733,True
combined_medium,0.0003,2,3.6433839797973633,3.8230695724487305,True,0.21214504539966583,0.2120540738105774,False,21.35986328125,31.423370361328125,0.0010937894694507122,0.004048911854624748,True
combined_medium,0.0003,1,3.664325475692749,3.7132320404052734,True,0.2120540738105774,0.21205857396125793,True,21.247880935668945,31.958974838256836,0.0010927905095741153,0.003860652446746826,True
combined_medium,0.0003,0,3.578403949737549,3.488149404525757,False,0.21205857396125793,0.21162748336791992,False,20.919742584228516,32.25618362426758,0.001080138492397964,0.004037730395793915,True
combined_medium,0.001,5,3.2333595752716064,3.3464295864105225,True,0.20990969240665436,0.21160323917865753,True,21.764774322509766,32.29379653930664,0.0036312637384980917,0.011992198415100574,True
combined_medium,0.001,4,3.144770622253418,3.2676665782928467,True,0.21160323917865753,0.21079367399215698,False,20.270263671875,31.190080642700195,0.0034114622976630926,0.01252636220306158,True
combined_medium,0.001,3,3.0794293880462646,3.0999302864074707,True,0.21079367399215698,0.2099693864583969,False,19.643524169921875,30.138187408447266,0.003338453359901905,0.012315371073782444,True
combined_medium,0.001,2,2.9231927394866943,2.953897476196289,True,0.2099693864583969,0.20951269567012787,False,18.443328857421875,30.98106575012207,0.00315346522256732,0.012691216543316841,True
combined_medium,0.001,1,2.795397996902466,2.7312421798706055,False,0.20951269567012787,0.20937485992908478,False,17.252777099609375,31.405288696289062,0.002947491593658924,0.012292593717575073,True
combined_medium,0.001,0,2.597564458847046,2.390678644180298,False,0.20937485992908478,0.20886632800102234,False,15.734687805175781,31.580312728881836,0.0027037926483899355,0.012077812105417252,True
