condition,version,version_available,zeta,seed,trajectory_id,t,likelihood_before_guidance,likelihood_after_guidance,likelihood_delta_after_minus_before,ADE_before_guidance,ADE_after_guidance,ADE_delta_after_minus_before,acceleration_RMS_before_guidance,acceleration_RMS_after_guidance,acceleration_delta_after_minus_before,update_to_x_ratio,grad_norm,loss_isfinite,grad_isfinite,before_isfinite,after_isfinite
drift_medium,A_current_post_base_update,True,0.3,42,0,99,4.991274833679199,4.903088569641113,-0.08818626403808594,2.0078470706939697,2.0283894538879395,0.020542383193969727,0.18566086888313293,0.1842697709798813,-0.001391097903251648,0.1468329894741041,3.2458739280700684,True,True,True,True
drift_medium,A_current_post_base_update,True,0.3,42,0,80,2.1058356761932373,2.0705463886260986,-0.03528928756713867,1.9713466167449951,1.9693266153335571,-0.0020200014114379883,0.19261829555034637,0.1935359686613083,0.0009176731109619141,0.037098278080686185,0.6700810194015503,True,True,True,True
drift_medium,A_current_post_base_update,True,0.3,42,0,60,1.8382307291030884,2.976069927215576,1.1378391981124878,1.9594202041625977,1.9375019073486328,-0.021918296813964844,0.19597487151622772,0.19952641427516937,0.0035515427589416504,0.14143757025768983,1.8476704359054565,True,True,True,True
drift_medium,A_current_post_base_update,True,0.3,42,0,40,2.336259126663208,2.525426149368286,0.18916702270507812,1.9954030513763428,1.9497038125991821,-0.045699238777160645,0.1978224515914917,0.2035595178604126,0.0057370662689208984,0.5539132249328924,3.9005954265594482,True,True,True,True
drift_medium,A_current_post_base_update,True,0.3,42,0,20,14.004768371582031,7.637493133544922,-6.367275238037109,2.0479564666748047,1.960291862487793,-0.08766460418701172,0.206318661570549,0.20634765923023224,2.899765968322754e-05,0.9964267466630499,8.674701690673828,True,True,True,True
drift_medium,A_current_post_base_update,True,0.3,42,0,0,122.7427978515625,100.6150131225586,-22.127784729003906,2.4494431018829346,2.6715102195739746,0.22206711769104004,0.23825864493846893,0.23836347460746765,0.00010482966899871826,1.7043578204515524,27.265583038330078,True,True,True,True
drift_medium,A_current_post_base_update,True,1.0,42,0,99,4.991274833679199,5.887491226196289,0.8962163925170898,2.0078470706939697,2.033792734146118,0.025945663452148438,0.18566086888313293,0.18212732672691345,-0.0035335421562194824,0.48944328027152006,3.2458739280700684,True,True,True,True
drift_medium,A_current_post_base_update,True,1.0,42,0,80,1.7146588563919067,3.3852970600128174,1.6706382036209106,1.9614194631576538,2.0049710273742676,0.04355156421661377,0.20162397623062134,0.19739995896816254,-0.004224017262458801,0.4293742844868726,2.902599334716797,True,True,True,True
drift_medium,A_current_post_base_update,True,1.0,42,0,60,3.6692237854003906,3.4027655124664307,-0.26645827293395996,1.9666557312011719,1.987567663192749,0.02091193199157715,0.1909085512161255,0.18593062460422516,-0.00497792661190033,0.3382694934257727,1.9125914573669434,True,True,True,True
drift_medium,A_current_post_base_update,True,1.0,42,0,40,7.846785545349121,11.353188514709473,3.5064029693603516,1.9815666675567627,1.9466581344604492,-0.03490853309631348,0.24894732236862183,0.24763260781764984,-0.0013147145509719849,0.5371077556910463,4.518116474151611,True,True,True,True
drift_medium,A_current_post_base_update,True,1.0,42,0,20,50.22107696533203,70.63568115234375,20.41460418701172,2.4299333095550537,1.6333461999893188,-0.7965871095657349,0.27843382954597473,0.4953872263431549,0.21695339679718018,1.642518493790215,13.232288360595703,True,True,True,True
drift_medium,A_current_post_base_update,True,1.0,42,0,0,331.87384033203125,412.1380615234375,80.26422119140625,3.7649331092834473,6.956989288330078,3.192056179046631,0.9454832077026367,0.9437713027000427,-0.0017119050025939941,1.5149089355335246,27.2254581451416,True,True,True,True
drift_medium,B_pre_step_guidance,True,0.3,42,0,99,3.101447105407715,4.886584281921387,1.7851371765136719,1.9813627004623413,2.0280721187591553,0.046709418296813965,0.1832612305879593,0.18428653478622437,0.0010253041982650757,0.1443064430362314,3.2458739280700684,True,True,True,True
drift_medium,B_pre_step_guidance,True,0.3,42,0,80,2.1758129596710205,2.0319674015045166,-0.1438455581665039,1.9744895696640015,1.970794677734375,-0.003694891929626465,0.1929054856300354,0.19385454058647156,0.0009490549564361572,0.03619065440584225,0.6576352119445801,True,True,True,True
drift_medium,B_pre_step_guidance,True,0.3,42,0,60,1.6140952110290527,1.9716744422912598,0.35757923126220703,1.978621482849121,1.9545170068740845,-0.02410447597503662,0.19467511773109436,0.19813697040081024,0.0034618526697158813,0.09625579601827654,1.2353222370147705,True,True,True,True
drift_medium,B_pre_step_guidance,True,0.3,42,0,40,2.367426872253418,2.955965518951416,0.588538646697998,1.9951269626617432,1.9559396505355835,-0.03918731212615967,0.2033131867647171,0.2035299688577652,0.0002167820930480957,0.565964098917476,4.555148601531982,True,True,True,True
drift_medium,B_pre_step_guidance,True,0.3,42,0,20,8.173727035522461,10.697668075561523,2.5239410400390625,2.0060625076293945,1.9612104892730713,-0.04485201835632324,0.21705110371112823,0.2297876477241516,0.012736544013023376,0.822154224285727,8.314312934875488,True,True,True,True
drift_medium,B_pre_step_guidance,True,0.3,42,0,0,97.40825653076172,122.5800552368164,25.171798706054688,2.35060715675354,2.7694098949432373,0.41880273818969727,0.2536844313144684,0.2524418234825134,-0.001242607831954956,1.9622530964457652,27.266447067260742,True,True,True,True
drift_medium,B_pre_step_guidance,True,1.0,42,0,99,3.101447105407715,5.833333969116211,2.731886863708496,1.9813627004623413,2.033961057662964,0.05259835720062256,0.1832612305879593,0.18212354183197021,-0.0011376887559890747,0.4810214591212477,3.2458739280700684,True,True,True,True
drift_medium,B_pre_step_guidance,True,1.0,42,0,80,2.3291494846343994,1.9928104877471924,-0.33633899688720703,1.9833234548568726,1.9642982482910156,-0.019025206565856934,0.1995968073606491,0.20040512084960938,0.0008083134889602661,0.14222050279823253,0.8600795269012451,True,True,True,True
drift_medium,B_pre_step_guidance,True,1.0,42,0,60,7.822422981262207,5.2931318283081055,-2.5292911529541016,1.9241787195205688,2.009343385696411,0.08516466617584229,0.21818090975284576,0.24562683701515198,0.027445927262306213,0.3722292412162546,3.853532314300537,True,True,True,True
drift_medium,B_pre_step_guidance,True,1.0,42,0,40,14.367966651916504,12.305899620056152,-2.0620670318603516,1.8845384120941162,1.9304920434951782,0.04595363140106201,0.26098117232322693,0.22363398969173431,-0.037347182631492615,0.8369696956265538,5.583105564117432,True,True,True,True
drift_medium,B_pre_step_guidance,True,1.0,42,0,20,14.932804107666016,46.45965576171875,31.526851654052734,2.01906681060791,1.9337756633758545,-0.08529114723205566,0.3217688798904419,0.2862645983695984,-0.035504281520843506,1.1430080914032972,7.322999477386475,True,True,True,True
drift_medium,B_pre_step_guidance,True,1.0,42,0,0,342.9129943847656,386.7740783691406,43.861083984375,5.052572727203369,5.709845066070557,0.6572723388671875,0.8519536852836609,0.8434808850288391,-0.008472800254821777,1.4853275112895101,27.229135513305664,True,True,True,True
drift_medium,C_post_step_consistent,True,0.3,42,0,99,4.991274833679199,3.5203402042388916,-1.4709346294403076,2.0078470706939697,2.004518985748291,-0.003328084945678711,0.18566086888313293,0.18260200321674347,-0.0030588656663894653,0.16296122240255975,3.602402687072754,True,True,True,True
drift_medium,C_post_step_consistent,True,0.3,42,0,80,2.204376220703125,1.933180570602417,-0.271195650100708,1.9638910293579102,1.9755369424819946,0.011645913124084473,0.19230219721794128,0.19228293001651764,-1.926720142364502e-05,0.08317941603708516,1.4801816940307617,True,True,True,True
drift_medium,C_post_step_consistent,True,0.3,42,0,60,2.1390864849090576,1.5848028659820557,-0.554283618927002,1.9523236751556396,1.978602647781372,0.026278972625732422,0.19968120753765106,0.19663217663764954,-0.003049030900001526,0.19630483764068965,2.5380799770355225,True,True,True,True
drift_medium,C_post_step_consistent,True,0.3,42,0,40,1.8554027080535889,3.4234418869018555,1.5680391788482666,1.9812514781951904,1.9568132162094116,-0.02443826198577881,0.20128941535949707,0.2029413878917694,0.0016519725322723389,0.5035806948976045,3.9080522060394287,True,True,True,True
drift_medium,C_post_step_consistent,True,0.3,42,0,20,6.543544292449951,13.817394256591797,7.273849964141846,1.98843252658844,1.9671064615249634,-0.021326065063476562,0.2083856761455536,0.2079089879989624,-0.0004766881465911865,1.1787756271745182,8.420766830444336,True,True,True,True
drift_medium,C_post_step_consistent,True,0.3,42,0,0,105.7640609741211,117.23401641845703,11.469955444335938,2.4119887351989746,2.7317440509796143,0.31975531578063965,0.29292821884155273,0.2929205894470215,-7.62939453125e-06,1.6646669052002838,27.242961883544922,True,True,True,True
drift_medium,C_post_step_consistent,True,1.0,42,0,99,4.991274833679199,3.8252499103546143,-1.166024923324585,2.0078470706939697,2.006140947341919,-0.0017061233520507812,0.18566086888313293,0.17568540573120117,-0.009975463151931763,0.5432040267405498,3.602402687072754,True,True,True,True
drift_medium,C_post_step_consistent,True,1.0,42,0,80,7.614039897918701,2.414754867553711,-5.19928503036499,2.046156406402588,1.983711838722229,-0.06244456768035889,0.18794114887714386,0.1855732798576355,-0.002367869019508362,0.6782825670877194,4.572223663330078,True,True,True,True
drift_medium,C_post_step_consistent,True,1.0,42,0,60,2.5616443157196045,6.026094436645508,3.4644501209259033,1.9994251728057861,1.91510009765625,-0.08432507514953613,0.20224963128566742,0.21385431289672852,0.011604681611061096,0.8898196103728229,4.183020114898682,True,True,True,True
drift_medium,C_post_step_consistent,True,1.0,42,0,40,11.946208953857422,7.71851921081543,-4.227689743041992,1.8625997304916382,1.9951146841049194,0.13251495361328125,0.34376266598701477,0.3215946853160858,-0.022167980670928955,0.3705928988592345,3.808382987976074,True,True,True,True
drift_medium,C_post_step_consistent,True,1.0,42,0,20,44.298065185546875,50.297203063964844,5.999137878417969,1.582153558731079,2.5148372650146484,0.9326837062835693,0.47452130913734436,0.45549502968788147,-0.01902627944946289,1.0283640087534909,10.733575820922852,True,True,True,True
drift_medium,C_post_step_consistent,True,1.0,42,0,0,449.2104797363281,297.2093505859375,-152.00112915039062,4.779374599456787,5.7104387283325195,0.9310641288757324,0.7307575941085815,0.7353478670120239,0.004590272903442383,1.425218519721198,27.297435760498047,True,True,True,True
drift_medium,A_current_post_base_update,True,0.3,42,1,99,3.450155019760132,2.548806667327881,-0.901348352432251,1.221266508102417,1.2245495319366455,0.0032830238342285156,0.11599020659923553,0.11474809050559998,-0.001242116093635559,0.10929335524002848,2.4135313034057617,True,True,True,True
drift_medium,A_current_post_base_update,True,0.3,42,1,80,1.6177371740341187,1.529746413230896,-0.08799076080322266,1.2404191493988037,1.242454171180725,0.0020350217819213867,0.11576124280691147,0.11544648557901382,-0.00031475722789764404,0.13148756030922276,2.0111706256866455,True,True,True,True
drift_medium,A_current_post_base_update,True,0.3,42,1,60,1.1411305665969849,1.1544334888458252,0.013302922248840332,1.2424837350845337,1.2382876873016357,-0.004196047782897949,0.10813884437084198,0.10789118707180023,-0.00024765729904174805,0.12634185888265723,1.3407529592514038,True,True,True,True
drift_medium,A_current_post_base_update,True,0.3,42,1,40,1.8550639152526855,1.1556235551834106,-0.6994403600692749,1.2530118227005005,1.240606665611267,-0.012405157089233398,0.1024499461054802,0.10251506417989731,6.511807441711426e-05,0.27690070810269724,2.373795747756958,True,True,True,True
drift_medium,A_current_post_base_update,True,0.3,42,1,20,8.17987060546875,8.355992317199707,0.17612171173095703,1.3087502717971802,1.192106008529663,-0.11664426326751709,0.11052042990922928,0.11348572373390198,0.002965293824672699,0.8313003848395603,7.115930557250977,True,True,True,True
drift_medium,A_current_post_base_update,True,0.3,42,1,0,95.84272766113281,116.85740661621094,21.014678955078125,2.4214859008789062,1.461806297302246,-0.9596796035766602,0.14845553040504456,0.15054596960544586,0.002090439200401306,1.9437731548968669,26.575803756713867,True,True,True,True
drift_medium,A_current_post_base_update,True,1.0,42,1,99,3.450155019760132,1.4585562944412231,-1.9915987253189087,1.221266508102417,1.2365081310272217,0.015241622924804688,0.11599020659923553,0.11383523046970367,-0.0021549761295318604,0.3643111481452701,2.4135313034057617,True,True,True,True
drift_medium,A_current_post_base_update,True,1.0,42,1,80,1.5514492988586426,2.095313787460327,0.5438644886016846,1.2397537231445312,1.231764554977417,-0.007989168167114258,0.11557591706514359,0.11577554047107697,0.00019962340593338013,0.26745085543678937,1.386227011680603,True,True,True,True
drift_medium,A_current_post_base_update,True,1.0,42,1,60,2.7201931476593018,3.088536024093628,0.36834287643432617,1.258078694343567,1.2294037342071533,-0.028674960136413574,0.10856644809246063,0.10905013978481293,0.0004836916923522949,0.6151034221705273,2.2777035236358643,True,True,True,True
drift_medium,A_current_post_base_update,True,1.0,42,1,40,10.456034660339355,20.850683212280273,10.394648551940918,1.233651041984558,1.457610845565796,0.2239598035812378,0.1199653297662735,0.15506277978420258,0.03509745001792908,1.2995408882548523,7.020400524139404,True,True,True,True
drift_medium,A_current_post_base_update,True,1.0,42,1,20,58.802589416503906,50.078216552734375,-8.724372863769531,1.0024583339691162,1.809374451637268,0.8069161176681519,0.29820507764816284,0.4727093577384949,0.17450428009033203,1.119415344314166,11.900728225708008,True,True,True,True
drift_medium,A_current_post_base_update,True,1.0,42,1,0,429.9014892578125,282.3702087402344,-147.53128051757812,6.175896644592285,4.291712284088135,-1.8841843605041504,0.6096444129943848,0.6125548481941223,0.002910435199737549,1.3979827363359592,26.66832160949707,True,True,True,True
drift_medium,B_pre_step_guidance,True,0.3,42,1,99,4.320420742034912,2.564666748046875,-1.755753993988037,1.2190531492233276,1.2245234251022339,0.00547027587890625,0.11614356189966202,0.11476701498031616,-0.0013765469193458557,0.10730180742791046,2.4135313034057617,True,True,True,True
drift_medium,B_pre_step_guidance,True,0.3,42,1,80,1.3495773077011108,1.5080794095993042,0.15850210189819336,1.2448269128799438,1.2424062490463257,-0.002420663833618164,0.11432351917028427,0.11514738947153091,0.0008238703012466431,0.09394375176894278,1.3758947849273682,True,True,True,True
drift_medium,B_pre_step_guidance,True,0.3,42,1,60,1.3908253908157349,1.3575431108474731,-0.03328227996826172,1.2504453659057617,1.2361230850219727,-0.014322280883789062,0.10740784555673599,0.10784315317869186,0.0004353076219558716,0.1596838086806047,1.6903268098831177,True,True,True,True
drift_medium,B_pre_step_guidance,True,0.3,42,1,40,1.342927098274231,2.4255666732788086,1.0826395750045776,1.2573601007461548,1.2276805639266968,-0.029679536819458008,0.10395612567663193,0.10329784452915192,-0.000658281147480011,0.43295661679521724,3.435015916824341,True,True,True,True
drift_medium,B_pre_step_guidance,True,0.3,42,1,20,9.095417022705078,8.47341537475586,-0.6220016479492188,1.2428702116012573,1.2811601161956787,0.03828990459442139,0.10725819319486618,0.10679998993873596,-0.0004582032561302185,1.0889555472479338,8.02405834197998,True,True,True,True
drift_medium,B_pre_step_guidance,True,0.3,42,1,0,99.75601196289062,109.7791519165039,10.023139953613281,1.3501132726669312,2.6187398433685303,1.2686265707015991,0.13895940780639648,0.13685384392738342,-0.0021055638790130615,1.9600730164472246,26.554738998413086,True,True,True,True
drift_medium,B_pre_step_guidance,True,1.0,42,1,99,4.320420742034912,1.4678363800048828,-2.8525843620300293,1.2190531492233276,1.235996127128601,0.016942977905273438,0.11614356189966202,0.11383160203695297,-0.0023119598627090454,0.35767265609398763,2.4135313034057617,True,True,True,True
drift_medium,B_pre_step_guidance,True,1.0,42,1,80,1.3280500173568726,1.6368305683135986,0.3087805509567261,1.2489296197891235,1.2366445064544678,-0.012285113334655762,0.11329900473356247,0.11404132843017578,0.0007423236966133118,0.30718710772019453,1.3083089590072632,True,True,True,True
drift_medium,B_pre_step_guidance,True,1.0,42,1,60,1.8798003196716309,3.1243832111358643,1.2445828914642334,1.2531702518463135,1.2305948734283447,-0.02257537841796875,0.10783226042985916,0.10642433911561966,-0.001407921314239502,0.5158606328618585,2.045485019683838,True,True,True,True
drift_medium,B_pre_step_guidance,True,1.0,42,1,40,3.5251669883728027,5.9305949211120605,2.405427932739258,1.2438806295394897,1.244988203048706,0.0011075735092163086,0.10984910279512405,0.10098516196012497,-0.008863940834999084,0.8712640828020751,3.2269413471221924,True,True,True,True
drift_medium,B_pre_step_guidance,True,1.0,42,1,20,44.38724136352539,49.956214904785156,5.568973541259766,1.719813585281372,1.0138124227523804,-0.7060011625289917,0.25254547595977783,0.2963940501213074,0.04384857416152954,1.261790698746702,11.01192569732666,True,True,True,True
drift_medium,B_pre_step_guidance,True,1.0,42,1,0,235.9599609375,458.9429626464844,222.98300170898438,4.102299690246582,5.735105514526367,1.6328058242797852,0.4257231652736664,0.4201858341693878,-0.0055373311042785645,2.2200998906088785,26.54720115661621,True,True,True,True
drift_medium,C_post_step_consistent,True,0.3,42,1,99,3.450155019760132,2.306121587753296,-1.144033432006836,1.221266508102417,1.2270537614822388,0.005787253379821777,0.11599020659923553,0.11503909528255463,-0.0009511113166809082,0.0987306958619731,2.1802756786346436,True,True,True,True
drift_medium,C_post_step_consistent,True,0.3,42,1,80,1.6451680660247803,1.3814114332199097,-0.2637566328048706,1.2401349544525146,1.243492603302002,0.0033576488494873047,0.11548595875501633,0.11538325995206833,-0.00010269880294799805,0.07869207658700697,1.2134461402893066,True,True,True,True
drift_medium,C_post_step_consistent,True,0.3,42,1,60,1.5600529909133911,1.2089005708694458,-0.3511524200439453,1.2342121601104736,1.2424966096878052,0.008284449577331543,0.10852612555027008,0.10891115665435791,0.0003850311040878296,0.1782857939609125,2.1014771461486816,True,True,True,True
drift_medium,C_post_step_consistent,True,0.3,42,1,40,2.7679224014282227,1.4448562860488892,-1.3230661153793335,1.2239761352539062,1.2525010108947754,0.02852487564086914,0.10308924317359924,0.10281866788864136,-0.00027057528495788574,0.39359141297706773,3.592038631439209,True,True,True,True
drift_medium,C_post_step_consistent,True,0.3,42,1,20,11.29110050201416,14.047497749328613,2.756397247314453,1.3065460920333862,1.1797044277191162,-0.12684166431427002,0.10874883830547333,0.10809165984392166,-0.0006571784615516663,1.5447039776314566,10.000212669372559,True,True,True,True
drift_medium,C_post_step_consistent,True,0.3,42,1,0,117.5860824584961,94.68537902832031,-22.90070343017578,2.7282652854919434,1.2852129936218262,-1.4430522918701172,0.1272762268781662,0.12907972931861877,0.0018035024404525757,1.6419182046841898,26.51781463623047,True,True,True,True
drift_medium,C_post_step_consistent,True,1.0,42,1,99,3.450155019760132,1.4418846368789673,-2.0082703828811646,1.221266508102417,1.237860918045044,0.016594409942626953,0.11599020659923553,0.11415071785449982,-0.0018394887447357178,0.32910231354188396,2.1802756786346436,True,True,True,True
drift_medium,C_post_step_consistent,True,1.0,42,1,80,1.5854910612106323,1.7903679609298706,0.20487689971923828,1.2449829578399658,1.257462739944458,0.012479782104492188,0.11208491027355194,0.11277660727500916,0.0006916970014572144,0.26837424023991635,1.3281586170196533,True,True,True,True
drift_medium,C_post_step_consistent,True,1.0,42,1,60,1.4925822019577026,2.2348735332489014,0.7422913312911987,1.2448772192001343,1.2399489879608154,-0.004928231239318848,0.10454071313142776,0.09661664813756943,-0.007924064993858337,0.5782529231951719,2.347625494003296,True,True,True,True
drift_medium,C_post_step_consistent,True,1.0,42,1,40,4.172155380249023,20.4106502532959,16.238494873046875,1.2479137182235718,1.3782572746276855,0.13034355640411377,0.12300628423690796,0.11875388771295547,-0.004252396523952484,1.0756298728450373,5.091339111328125,True,True,True,True
drift_medium,C_post_step_consistent,True,1.0,42,1,20,39.6252555847168,60.75057601928711,21.125320434570312,1.645451545715332,1.10245943069458,-0.542992115020752,0.36528077721595764,0.4041147530078888,0.03883397579193115,1.1696950407816622,11.156097412109375,True,True,True,True
drift_medium,C_post_step_consistent,True,1.0,42,1,0,310.0113525390625,396.0390319824219,86.02767944335938,5.26216983795166,4.626100540161133,-0.6360692977905273,0.48895248770713806,0.4946155846118927,0.005663096904754639,1.814066312470666,26.563230514526367,True,True,True,True
drift_medium,A_current_post_base_update,True,0.3,42,2,99,3.9307608604431152,2.8218092918395996,-1.1089515686035156,1.3233482837677002,1.3086196184158325,-0.014728665351867676,0.5211901664733887,0.5175327658653259,-0.003657400608062744,0.09387320504594038,2.072446823120117,True,True,True,True
drift_medium,A_current_post_base_update,True,0.3,42,2,80,2.3526618480682373,2.3886404037475586,0.03597855567932129,1.3056905269622803,1.3093606233596802,0.0036700963973999023,0.495266318321228,0.4962116479873657,0.0009453296661376953,0.059748710366478615,0.9853706955909729,True,True,True,True
drift_medium,A_current_post_base_update,True,0.3,42,2,60,1.6327996253967285,1.5917099714279175,-0.041089653968811035,1.2968088388442993,1.2963100671768188,-0.0004987716674804688,0.5152352452278137,0.5160409808158875,0.0008057355880737305,0.06228293620209378,0.6964742541313171,True,True,True,True
drift_medium,A_current_post_base_update,True,0.3,42,2,40,1.8467916250228882,1.4638713598251343,-0.3829202651977539,1.3064017295837402,1.2926373481750488,-0.013764381408691406,0.5158001184463501,0.5151898264884949,-0.0006102919578552246,0.1990060558083638,1.6007251739501953,True,True,True,True
drift_medium,A_current_post_base_update,True,0.3,42,2,20,12.88927936553955,5.138283729553223,-7.750995635986328,1.2339733839035034,1.3079311847686768,0.07395780086517334,0.5400881767272949,0.5471552014350891,0.0070670247077941895,0.956107828913394,8.049955368041992,True,True,True,True
drift_medium,A_current_post_base_update,True,0.3,42,2,0,107.67030334472656,126.17616271972656,18.505859375,1.4813454151153564,2.5992963314056396,1.1179509162902832,0.506163477897644,0.5091212391853333,0.002957761287689209,2.063892217887376,27.86827850341797,True,True,True,True
drift_medium,A_current_post_base_update,True,1.0,42,2,99,3.9307608604431152,1.7696703672409058,-2.1610904932022095,1.3233482837677002,1.2895475625991821,-0.033800721168518066,0.5211901664733887,0.5116742849349976,-0.009515881538391113,0.3129106954857663,2.072446823120117,True,True,True,True
drift_medium,A_current_post_base_update,True,1.0,42,2,80,1.7184958457946777,1.7930506467819214,0.07455480098724365,1.2910780906677246,1.3010258674621582,0.009947776794433594,0.507936418056488,0.5086174011230469,0.0006809830665588379,0.3055602632570691,1.5818793773651123,True,True,True,True
drift_medium,A_current_post_base_update,True,1.0,42,2,60,2.2571349143981934,1.9838343858718872,-0.27330052852630615,1.3056471347808838,1.3012560606002808,-0.004391074180603027,0.5202695727348328,0.5268727540969849,0.0066031813621521,0.47500516680225546,1.6093871593475342,True,True,True,True
drift_medium,A_current_post_base_update,True,1.0,42,2,40,4.947376728057861,2.6835250854492188,-2.2638516426086426,1.255692720413208,1.3182299137115479,0.06253719329833984,0.5279392600059509,0.5600748658180237,0.032135605812072754,0.8582936306248251,3.6904470920562744,True,True,True,True
drift_medium,A_current_post_base_update,True,1.0,42,2,20,59.4443473815918,51.15514373779297,-8.289203643798828,1.1377179622650146,1.7685573101043701,0.6308393478393555,0.5552095174789429,0.5833919048309326,0.028182387351989746,1.7639892540780746,11.499204635620117,True,True,True,True
drift_medium,A_current_post_base_update,True,1.0,42,2,0,294.37030029296875,485.8841247558594,191.51382446289062,3.5266499519348145,6.9225006103515625,3.395850658416748,0.6928704380989075,0.7013460397720337,0.00847560167312622,2.2182410945926088,27.960229873657227,True,True,True,True
drift_medium,B_pre_step_guidance,True,0.3,42,2,99,3.058305263519287,2.8383870124816895,-0.21991825103759766,1.3194000720977783,1.3088867664337158,-0.0105133056640625,0.5150040984153748,0.517582893371582,0.0025787949562072754,0.09213771501960465,2.072446823120117,True,True,True,True
drift_medium,B_pre_step_guidance,True,0.3,42,2,80,2.0293002128601074,2.3446202278137207,0.3153200149536133,1.279364824295044,1.3071316480636597,0.027766823768615723,0.49824103713035583,0.4965256452560425,-0.0017153918743133545,0.07775487145968918,1.244059681892395,True,True,True,True
drift_medium,B_pre_step_guidance,True,0.3,42,2,60,1.6335197687149048,1.5905932188034058,-0.04292654991149902,1.2967448234558105,1.2953617572784424,-0.001383066177368164,0.5083458423614502,0.5150139331817627,0.0066680908203125,0.07500442666094616,0.8241017460823059,True,True,True,True
drift_medium,B_pre_step_guidance,True,0.3,42,2,40,1.476590871810913,1.4588003158569336,-0.017790555953979492,1.2874501943588257,1.29556143283844,0.008111238479614258,0.5184071063995361,0.5142726898193359,-0.004134416580200195,0.12911855793045443,0.975724458694458,True,True,True,True
drift_medium,B_pre_step_guidance,True,0.3,42,2,20,9.715658187866211,7.439838886260986,-2.2758193016052246,1.2620149850845337,1.3124496936798096,0.05043470859527588,0.5294695496559143,0.5436153411865234,0.01414579153060913,1.0841792029478226,8.201583862304688,True,True,True,True
drift_medium,B_pre_step_guidance,True,0.3,42,2,0,109.89543151855469,120.90623474121094,11.01080322265625,1.4593780040740967,2.5677387714385986,1.108360767364502,0.5036354064941406,0.5070925951004028,0.003457188606262207,2.0332411026024624,27.866010665893555,True,True,True,True
drift_medium,B_pre_step_guidance,True,1.0,42,2,99,3.058305263519287,1.776607632637024,-1.2816976308822632,1.3194000720977783,1.289997935295105,-0.02940213680267334,0.5150040984153748,0.5117453932762146,-0.0032587051391601562,0.30712572850947567,2.072446823120117,True,True,True,True
drift_medium,B_pre_step_guidance,True,1.0,42,2,80,1.9055688381195068,2.1203243732452393,0.21475553512573242,1.2767245769500732,1.3030726909637451,0.026348114013671875,0.5033705234527588,0.5003100633621216,-0.003060460090637207,0.2798402127173956,1.2691084146499634,True,True,True,True
drift_medium,B_pre_step_guidance,True,1.0,42,2,60,1.7255263328552246,1.7126867771148682,-0.012839555740356445,1.2987455129623413,1.281798005104065,-0.016947507858276367,0.5220349431037903,0.5188850164413452,-0.0031499266624450684,0.3430497354501538,1.3737112283706665,True,True,True,True
drift_medium,B_pre_step_guidance,True,1.0,42,2,40,4.802793979644775,7.012087821960449,2.209293842315674,1.2652428150177002,1.3620113134384155,0.09676849842071533,0.55827397108078,0.5451462268829346,-0.013127744197845459,0.31844334988899176,1.901099443435669,True,True,True,True
drift_medium,B_pre_step_guidance,True,1.0,42,2,20,49.87821960449219,77.97144317626953,28.093223571777344,1.8671972751617432,0.5822667479515076,-1.2849305272102356,0.5936920046806335,0.6727264523506165,0.07903444766998291,1.5200602892511679,12.438851356506348,True,True,True,True
drift_medium,B_pre_step_guidance,True,1.0,42,2,0,416.8792419433594,356.3077697753906,-60.57147216796875,6.3782172203063965,3.7085132598876953,-2.669703960418701,1.0270408391952515,1.0240066051483154,-0.003034234046936035,1.4036626673377346,27.940034866333008,True,True,True,True
drift_medium,C_post_step_consistent,True,0.3,42,2,99,3.9307608604431152,2.4666290283203125,-1.4641318321228027,1.3233482837677002,1.305472731590271,-0.0178755521774292,0.5211901664733887,0.518964946269989,-0.002225220203399658,0.11599503653820602,2.5608320236206055,True,True,True,True
drift_medium,C_post_step_consistent,True,0.3,42,2,80,2.1435511112213135,1.9758585691452026,-0.16769254207611084,1.3033767938613892,1.2979005575180054,-0.005476236343383789,0.49577072262763977,0.49689963459968567,0.0011289119720458984,0.05493440950578251,0.8828336596488953,True,True,True,True
drift_medium,C_post_step_consistent,True,0.3,42,2,60,1.553491473197937,1.5004788637161255,-0.05301260948181152,1.2909576892852783,1.2933088541030884,0.0023511648178100586,0.5150038599967957,0.5156581997871399,0.0006543397903442383,0.04197019286244024,0.4944699704647064,True,True,True,True
drift_medium,C_post_step_consistent,True,0.3,42,2,40,1.6738876104354858,1.4740804433822632,-0.19980716705322266,1.2973721027374268,1.2880419492721558,-0.009330153465270996,0.5126742720603943,0.5155883431434631,0.0029140710830688477,0.28584142209817764,2.324808359146118,True,True,True,True
drift_medium,C_post_step_consistent,True,0.3,42,2,20,12.260116577148438,6.6897687911987305,-5.570347785949707,1.186207890510559,1.343118667602539,0.15691077709197998,0.53444504737854,0.5424198508262634,0.007974803447723389,1.0964003674637879,8.787762641906738,True,True,True,True
drift_medium,C_post_step_consistent,True,0.3,42,2,0,114.36723327636719,119.56379699707031,5.196563720703125,1.4688451290130615,2.564805507659912,1.0959603786468506,0.5070182681083679,0.5101421475410461,0.0031238794326782227,1.951460419765406,27.870990753173828,True,True,True,True
drift_medium,C_post_step_consistent,True,1.0,42,2,99,3.9307608604431152,1.5463497638702393,-2.384411096572876,1.3233482837677002,1.2886996269226074,-0.03464865684509277,0.5211901664733887,0.5173606872558594,-0.003829479217529297,0.38665007979647575,2.5608320236206055,True,True,True,True
drift_medium,C_post_step_consistent,True,1.0,42,2,80,1.9223272800445557,1.7532626390457153,-0.16906464099884033,1.29080331325531,1.2928545475006104,0.002051234245300293,0.5148648619651794,0.5129189491271973,-0.0019459128379821777,0.2174136450927732,1.0326493978500366,True,True,True,True
drift_medium,C_post_step_consistent,True,1.0,42,2,60,1.6871936321258545,1.596052885055542,-0.0911407470703125,1.2880804538726807,1.3028786182403564,0.014798164367675781,0.5267342925071716,0.5274520516395569,0.0007177591323852539,0.37665205714279054,1.3598623275756836,True,True,True,True
drift_medium,C_post_step_consistent,True,1.0,42,2,40,6.141540050506592,2.522479772567749,-3.6190602779388428,1.2204288244247437,1.297990083694458,0.07756125926971436,0.5333083868026733,0.5324505567550659,-0.0008578300476074219,0.8551100289806285,3.793301820755005,True,True,True,True
drift_medium,C_post_step_consistent,True,1.0,42,2,20,41.65176773071289,73.6540298461914,32.002262115478516,1.522782564163208,1.3716810941696167,-0.1511014699935913,0.6337676644325256,0.6418105959892273,0.00804293155670166,1.379190260900245,11.002636909484863,True,True,True,True
drift_medium,C_post_step_consistent,True,1.0,42,2,0,437.51318359375,339.4743957519531,-98.03878784179688,6.359406471252441,4.0045905113220215,-2.35481595993042,0.6762082576751709,0.6731927394866943,-0.0030155181884765625,1.6237078275780878,27.854393005371094,True,True,True,True
burst_medium,A_current_post_base_update,True,0.3,42,0,99,5.759060859680176,5.505611419677734,-0.2534494400024414,2.021862268447876,2.040677785873413,0.01881551742553711,0.19096507132053375,0.19089609384536743,-6.89774751663208e-05,0.14590123365006824,3.2254478931427,True,True,True,True
burst_medium,A_current_post_base_update,True,0.3,42,0,80,3.417478561401367,3.415468454360962,-0.0020101070404052734,1.9942333698272705,1.9901866912841797,-0.00404667854309082,0.19410912692546844,0.19581420719623566,0.001705080270767212,0.047052122436509546,0.8637217283248901,True,True,True,True
burst_medium,A_current_post_base_update,True,0.3,42,0,60,3.769462823867798,3.7248406410217285,-0.044622182846069336,1.97216796875,1.9710098505020142,-0.0011581182479858398,0.19691385328769684,0.19699111580848694,7.72625207901001e-05,0.04229820450869867,0.640689492225647,True,True,True,True
burst_medium,A_current_post_base_update,True,0.3,42,0,40,4.391634941101074,3.90521502494812,-0.4864199161529541,2.007479667663574,1.998908281326294,-0.008571386337280273,0.19933928549289703,0.1971093863248825,-0.0022298991680145264,0.2948895576658183,3.2367725372314453,True,True,True,True
burst_medium,A_current_post_base_update,True,0.3,42,0,20,11.72909164428711,10.233297348022461,-1.4957942962646484,2.085669994354248,1.9575573205947876,-0.12811267375946045,0.1972261518239975,0.20583677291870117,0.008610621094703674,0.8466007448383724,8.258391380310059,True,True,True,True
burst_medium,A_current_post_base_update,True,0.3,42,0,0,111.76093292236328,133.02871704101562,21.267784118652344,2.438760995864868,2.8218586444854736,0.38309764862060547,0.25762730836868286,0.25700464844703674,-0.0006226599216461182,1.726388471537782,28.5640926361084,True,True,True,True
burst_medium,A_current_post_base_update,True,1.0,42,0,99,5.759060859680176,5.9072265625,0.14816570281982422,2.021862268447876,2.04544734954834,0.023585081100463867,0.19096507132053375,0.19137951731681824,0.00041444599628448486,0.4863374095511506,3.2254478931427,True,True,True,True
burst_medium,A_current_post_base_update,True,1.0,42,0,80,4.075064659118652,6.363397598266602,2.288332939147949,1.9907649755477905,1.995807409286499,0.005042433738708496,0.20272621512413025,0.20556998252868652,0.0028437674045562744,0.4868410613137413,3.282896041870117,True,True,True,True
burst_medium,A_current_post_base_update,True,1.0,42,0,60,51.66292190551758,30.46168327331543,-21.20123863220215,2.154646873474121,1.7564709186553955,-0.3981759548187256,0.5085346698760986,0.4922018349170685,-0.01633283495903015,0.87684248631034,13.294272422790527,True,True,True,True
burst_medium,A_current_post_base_update,True,1.0,42,0,40,5.689315319061279,6.523869514465332,0.8345541954040527,2.002655267715454,1.95065176486969,-0.05200350284576416,0.2038331776857376,0.2116703987121582,0.007837221026420593,0.6130929943704296,3.6901330947875977,True,True,True,True
burst_medium,A_current_post_base_update,True,1.0,42,0,20,63.487098693847656,35.39492416381836,-28.092174530029297,1.8736950159072876,2.1036767959594727,0.22998178005218506,0.4311695694923401,0.32642340660095215,-0.10474616289138794,0.9482147780789205,10.012871742248535,True,True,True,True
burst_medium,A_current_post_base_update,True,1.0,42,0,0,438.7049560546875,374.999755859375,-63.7052001953125,5.243978500366211,6.061398506164551,0.8174200057983398,0.7157469987869263,0.7153006792068481,-0.000446319580078125,1.5130650680819617,28.488290786743164,True,True,True,True
burst_medium,B_pre_step_guidance,True,0.3,42,0,99,4.9430694580078125,5.482082843780518,0.5390133857727051,1.997489333152771,2.040208339691162,0.04271900653839111,0.18671153485774994,0.1909114420413971,0.004199907183647156,0.1433983390247697,3.2254478931427,True,True,True,True
burst_medium,B_pre_step_guidance,True,0.3,42,0,80,3.538301944732666,3.4132659435272217,-0.12503600120544434,2.0011117458343506,1.9902509450912476,-0.010860800743103027,0.19471125304698944,0.19558930397033691,0.0008780509233474731,0.04831785725873681,0.8780755996704102,True,True,True,True
burst_medium,B_pre_step_guidance,True,0.3,42,0,60,3.5105338096618652,3.646883249282837,0.13634943962097168,1.9913768768310547,1.9740171432495117,-0.01735973358154297,0.19532331824302673,0.1972227394580841,0.001899421215057373,0.04348711490698922,0.6424201130867004,True,True,True,True
burst_medium,B_pre_step_guidance,True,0.3,42,0,40,5.1530985832214355,3.698331832885742,-1.4547667503356934,2.003994941711426,1.9967422485351562,-0.007252693176269531,0.20522454380989075,0.2000482976436615,-0.005176246166229248,0.4111314202357345,4.439457893371582,True,True,True,True
burst_medium,B_pre_step_guidance,True,0.3,42,0,20,5.525213718414307,11.265799522399902,5.740585803985596,2.0214078426361084,1.9368352890014648,-0.08457255363464355,0.22589989006519318,0.21970441937446594,-0.006195470690727234,0.7995728356689517,7.70033597946167,True,True,True,True
burst_medium,B_pre_step_guidance,True,0.3,42,0,0,120.7743911743164,120.89630126953125,0.12191009521484375,2.41119384765625,2.802319049835205,0.3911252021789551,0.24282363057136536,0.24204756319522858,-0.0007760673761367798,1.723697667959366,28.558277130126953,True,True,True,True
burst_medium,B_pre_step_guidance,True,1.0,42,0,99,4.9430694580078125,5.926959037780762,0.9838895797729492,1.997489333152771,2.046365261077881,0.04887592792510986,0.18671153485774994,0.19143155217170715,0.004720017313957214,0.4779944280835185,3.2254478931427,True,True,True,True
burst_medium,B_pre_step_guidance,True,1.0,42,0,80,4.4799041748046875,4.003942012786865,-0.47596216201782227,2.0088279247283936,1.9964720010757446,-0.012355923652648926,0.19831159710884094,0.19921018183231354,0.0008985847234725952,0.35477393264591955,2.3905081748962402,True,True,True,True
burst_medium,B_pre_step_guidance,True,1.0,42,0,60,4.129119873046875,7.609912395477295,3.48079252243042,2.001345634460449,1.9809553623199463,-0.02039027214050293,0.20657691359519958,0.2076236605644226,0.0010467469692230225,0.7918408968671097,3.6140472888946533,True,True,True,True
burst_medium,B_pre_step_guidance,True,1.0,42,0,40,3.899864673614502,6.3676228523254395,2.4677581787109375,1.9907493591308594,1.9665119647979736,-0.024237394332885742,0.1976919323205948,0.20004917681217194,0.0023572444915771484,0.2696602278446085,1.3014124631881714,True,True,True,True
burst_medium,B_pre_step_guidance,True,1.0,42,0,20,20.29509735107422,94.36585235595703,74.07075500488281,1.8177556991577148,3.0181643962860107,1.200408697128296,0.3582274615764618,0.4016052484512329,0.04337778687477112,1.5987910373059189,11.154679298400879,True,True,True,True
burst_medium,B_pre_step_guidance,True,1.0,42,0,0,525.1397094726562,289.0781555175781,-236.06155395507812,5.215570449829102,5.586421012878418,0.3708505630493164,0.4593244791030884,0.4553930461406708,-0.0039314329624176025,1.4579739495442348,28.61625099182129,True,True,True,True
burst_medium,C_post_step_consistent,True,0.3,42,0,99,5.759060859680176,4.428987503051758,-1.330073356628418,2.021862268447876,2.013284206390381,-0.008578062057495117,0.19096507132053375,0.19054344296455383,-0.00042162835597991943,0.13022656438337496,2.878927230834961,True,True,True,True
burst_medium,C_post_step_consistent,True,0.3,42,0,80,3.4651412963867188,3.3246567249298096,-0.14048457145690918,1.9879974126815796,1.9952812194824219,0.007283806800842285,0.19444893300533295,0.1939483880996704,-0.0005005449056625366,0.056861607521276364,1.0619263648986816,True,True,True,True
burst_medium,C_post_step_consistent,True,0.3,42,0,60,3.5667667388916016,3.3073856830596924,-0.2593810558319092,1.9743448495864868,1.9922888278961182,0.017943978309631348,0.1982308328151703,0.19667771458625793,-0.0015531182289123535,0.0879518259034758,1.3776724338531494,True,True,True,True
burst_medium,C_post_step_consistent,True,0.3,42,0,40,4.027808666229248,4.399765968322754,0.37195730209350586,2.0001890659332275,1.9827606678009033,-0.01742839813232422,0.19501326978206635,0.20193348824977875,0.006920218467712402,0.32349103762157383,3.6514244079589844,True,True,True,True
burst_medium,C_post_step_consistent,True,0.3,42,0,20,8.318977355957031,15.0440034866333,6.7250261306762695,1.9648418426513672,2.034605026245117,0.06976318359375,0.21355769038200378,0.2231202870607376,0.009562596678733826,1.071320709638849,8.58138370513916,True,True,True,True
burst_medium,C_post_step_consistent,True,0.3,42,0,0,126.46945190429688,117.45118713378906,-9.018264770507812,2.709369659423828,2.53808331489563,-0.17128634452819824,0.24147804081439972,0.24268105626106262,0.0012030154466629028,1.6859280842200268,28.455339431762695,True,True,True,True
burst_medium,C_post_step_consistent,True,1.0,42,0,99,5.759060859680176,4.951780319213867,-0.8072805404663086,2.021862268447876,2.0115017890930176,-0.010360479354858398,0.19096507132053375,0.18713147938251495,-0.003833591938018799,0.434088553936096,2.878927230834961,True,True,True,True
burst_medium,C_post_step_consistent,True,1.0,42,0,80,3.295149087905884,3.7278943061828613,0.43274521827697754,1.9995298385620117,1.9795507192611694,-0.019979119300842285,0.20362120866775513,0.20569367706775665,0.002072468400001526,0.19285784038865925,1.1121551990509033,True,True,True,True
burst_medium,C_post_step_consistent,True,1.0,42,0,60,3.679194450378418,4.246108531951904,0.5669140815734863,1.9770238399505615,1.9839355945587158,0.006911754608154297,0.21945911645889282,0.20377349853515625,-0.015685617923736572,0.38663783970230114,2.244825839996338,True,True,True,True
burst_medium,C_post_step_consistent,True,1.0,42,0,40,7.80313777923584,12.221952438354492,4.418814659118652,1.9121497869491577,2.124772548675537,0.2126227617263794,0.21955910325050354,0.2227884829044342,0.003229379653930664,0.573443672643308,4.187045097351074,True,True,True,True
burst_medium,C_post_step_consistent,True,1.0,42,0,20,43.995147705078125,84.65104675292969,40.65589904785156,2.145556926727295,2.0312411785125732,-0.11431574821472168,0.3840327262878418,0.456759512424469,0.0727267861366272,1.5804096098009155,13.87006664276123,True,True,True,True
burst_medium,C_post_step_consistent,True,1.0,42,0,0,352.3373107910156,461.6424865722656,109.30517578125,4.940944194793701,6.371797561645508,1.4308533668518066,0.7553594708442688,0.7565291523933411,0.0011696815490722656,1.7122498419102403,28.565210342407227,True,True,True,True
burst_medium,A_current_post_base_update,True,0.3,42,1,99,7.396156311035156,7.281134605407715,-0.1150217056274414,1.217699646949768,1.2191959619522095,0.0014963150024414062,0.18756313621997833,0.18785405158996582,0.0002909153699874878,0.036795197086216466,0.814187228679657,True,True,True,True
burst_medium,A_current_post_base_update,True,0.3,42,1,80,6.4526801109313965,6.382138729095459,-0.0705413818359375,1.2242687940597534,1.2249046564102173,0.0006358623504638672,0.1599072962999344,0.159862220287323,-4.507601261138916e-05,0.032109224402622136,0.5362435579299927,True,True,True,True
burst_medium,A_current_post_base_update,True,0.3,42,1,60,5.879834175109863,5.78794527053833,-0.0918889045715332,1.2403457164764404,1.2354124784469604,-0.0049332380294799805,0.15360447764396667,0.15058225393295288,-0.003022223711013794,0.06097866381275351,0.9199515581130981,True,True,True,True
burst_medium,A_current_post_base_update,True,0.3,42,1,40,5.4112982749938965,5.369165420532227,-0.04213285446166992,1.2383005619049072,1.2375190258026123,-0.0007815361022949219,0.17714180052280426,0.17770881950855255,0.000567018985748291,0.03190377302423135,0.420400470495224,True,True,True,True
burst_medium,A_current_post_base_update,True,0.3,42,1,20,9.81135082244873,5.6636128425598145,-4.147737979888916,1.3078086376190186,1.2165454626083374,-0.09126317501068115,0.21457259356975555,0.21414943039417267,-0.00042316317558288574,0.5299930854073881,5.615730285644531,True,True,True,True
burst_medium,A_current_post_base_update,True,0.3,42,1,0,109.5714340209961,126.85978698730469,17.288352966308594,2.521563768386841,1.4818741083145142,-1.0396896600723267,0.27545201778411865,0.27695485949516296,0.0015028417110443115,1.5024652876649378,28.010692596435547,True,True,True,True
burst_medium,A_current_post_base_update,True,1.0,42,1,99,7.396156311035156,7.17708158493042,-0.21907472610473633,1.217699646949768,1.222707986831665,0.005008339881896973,0.18756313621997833,0.1889694333076477,0.0014062970876693726,0.1226506569540549,0.814187228679657,True,True,True,True
burst_medium,A_current_post_base_update,True,1.0,42,1,80,6.018612861633301,5.934202194213867,-0.0844106674194336,1.2327637672424316,1.2319800853729248,-0.0007836818695068359,0.21285195648670197,0.2045811414718628,-0.008270815014839172,0.14358613854789826,0.781353235244751,True,True,True,True
burst_medium,A_current_post_base_update,True,1.0,42,1,60,5.603959083557129,5.499426364898682,-0.10453271865844727,1.2400219440460205,1.234480619430542,-0.005541324615478516,0.1853974461555481,0.18592536449432373,0.0005279183387756348,0.14387884491630054,0.7402176856994629,True,True,True,True
burst_medium,A_current_post_base_update,True,1.0,42,1,40,6.505361080169678,11.830321311950684,5.324960231781006,1.267607569694519,1.2032768726348877,-0.06433069705963135,0.19245512783527374,0.20245245099067688,0.009997323155403137,0.7272652552554177,4.050453186035156,True,True,True,True
burst_medium,A_current_post_base_update,True,1.0,42,1,20,54.23957443237305,60.750816345214844,6.511241912841797,1.820459008216858,1.1028966903686523,-0.7175623178482056,0.39155927300453186,0.3772066533565521,-0.014352619647979736,1.118826815057988,10.710845947265625,True,True,True,True
burst_medium,A_current_post_base_update,True,1.0,42,1,0,380.0317687988281,405.74334716796875,25.711578369140625,5.9222211837768555,4.5681962966918945,-1.354024887084961,0.6032730340957642,0.6071457266807556,0.003872692584991455,1.746608739149621,28.03787612915039,True,True,True,True
burst_medium,B_pre_step_guidance,True,0.3,42,1,99,7.446923732757568,7.2829365730285645,-0.1639871597290039,1.2067557573318481,1.219165563583374,0.012409806251525879,0.1904127448797226,0.18785665929317474,-0.0025560855865478516,0.03619748062460046,0.814187228679657,True,True,True,True
burst_medium,B_pre_step_guidance,True,0.3,42,1,80,6.152266025543213,6.434381484985352,0.28211545944213867,1.2333837747573853,1.2246887683868408,-0.008695006370544434,0.158954918384552,0.1587916910648346,-0.00016322731971740723,0.032493569067295024,0.5442842245101929,True,True,True,True
burst_medium,B_pre_step_guidance,True,0.3,42,1,60,5.834408283233643,5.794987201690674,-0.03942108154296875,1.2453685998916626,1.235790491104126,-0.009578108787536621,0.15968196094036102,0.1510518342256546,-0.008630126714706421,0.05682980359427531,0.8463914394378662,True,True,True,True
burst_medium,B_pre_step_guidance,True,0.3,42,1,40,5.389151573181152,5.388478755950928,-0.0006728172302246094,1.2381844520568848,1.2362208366394043,-0.0019636154174804688,0.17673492431640625,0.17706987261772156,0.0003349483013153076,0.04794399291094401,0.6081736087799072,True,True,True,True
burst_medium,B_pre_step_guidance,True,0.3,42,1,20,9.383130073547363,9.73366641998291,0.3505363464355469,1.3017940521240234,1.1840970516204834,-0.11769700050354004,0.2031571865081787,0.20638790726661682,0.0032307207584381104,0.6166338503225548,7.19412088394165,True,True,True,True
burst_medium,B_pre_step_guidance,True,0.3,42,1,0,121.04230499267578,112.6160659790039,-8.426239013671875,2.661226987838745,1.4070073366165161,-1.254219651222229,0.24128802120685577,0.24120639264583588,-8.162856101989746e-05,1.4697492206341152,27.9683837890625,True,True,True,True
burst_medium,B_pre_step_guidance,True,1.0,42,1,99,7.446923732757568,7.178673267364502,-0.2682504653930664,1.2067557573318481,1.222597599029541,0.01584184169769287,0.1904127448797226,0.18896697461605072,-0.001445770263671875,0.1206582687486682,0.814187228679657,True,True,True,True
burst_medium,B_pre_step_guidance,True,1.0,42,1,80,5.743295669555664,6.089774131774902,0.3464784622192383,1.243243932723999,1.225943684577942,-0.01730024814605713,0.2067761868238449,0.19359348714351654,-0.01318269968032837,0.15867831264871965,0.8166249394416809,True,True,True,True
burst_medium,B_pre_step_guidance,True,1.0,42,1,60,5.580277919769287,5.442293643951416,-0.1379842758178711,1.2439236640930176,1.231774091720581,-0.012149572372436523,0.18167644739151,0.18196769058704376,0.00029124319553375244,0.1513018617853621,0.6993771195411682,True,True,True,True
burst_medium,B_pre_step_guidance,True,1.0,42,1,40,5.982503414154053,5.664921283721924,-0.3175821304321289,1.233341932296753,1.2361729145050049,0.002830982208251953,0.24197988212108612,0.23385432362556458,-0.008125558495521545,0.34474763455257573,1.931633710861206,True,True,True,True
burst_medium,B_pre_step_guidance,True,1.0,42,1,20,61.97517013549805,60.422760009765625,-1.5524101257324219,0.9976249933242798,1.891784906387329,0.8941599130630493,0.3882940411567688,0.47435489296913147,0.08606085181236267,1.1858785078802156,12.591466903686523,True,True,True,True
burst_medium,B_pre_step_guidance,True,1.0,42,1,0,436.97308349609375,336.3831481933594,-100.58993530273438,4.859912872314453,5.3242387771606445,0.4643259048461914,0.7105135917663574,0.7058277130126953,-0.004685878753662109,1.450412214181788,27.939966201782227,True,True,True,True
burst_medium,C_post_step_consistent,True,0.3,42,1,99,7.396156311035156,7.188159942626953,-0.20799636840820312,1.217699646949768,1.2182172536849976,0.0005176067352294922,0.18756313621997833,0.1875438541173935,-1.9282102584838867e-05,0.041992717889551834,0.9291955828666687,True,True,True,True
burst_medium,C_post_step_consistent,True,0.3,42,1,80,6.363460540771484,6.116025447845459,-0.2474350929260254,1.2245293855667114,1.2276980876922607,0.0031687021255493164,0.15893985331058502,0.16164933145046234,0.0027094781398773193,0.06553980642739753,1.0855084657669067,True,True,True,True
burst_medium,C_post_step_consistent,True,0.3,42,1,60,5.800307273864746,5.686435222625732,-0.11387205123901367,1.2365920543670654,1.235381007194519,-0.0012110471725463867,0.1505586802959442,0.1547512412071228,0.004192560911178589,0.0473917083763652,0.7197901606559753,True,True,True,True
burst_medium,C_post_step_consistent,True,0.3,42,1,40,5.378782272338867,5.274482250213623,-0.10430002212524414,1.2366456985473633,1.2342875003814697,-0.0023581981658935547,0.17640286684036255,0.17762790620326996,0.0012250393629074097,0.05640552305570971,0.7238806486129761,True,True,True,True
burst_medium,C_post_step_consistent,True,0.3,42,1,20,8.463949203491211,12.007450103759766,3.5435009002685547,1.1933605670928955,1.3342339992523193,0.14087343215942383,0.21268993616104126,0.21580791473388672,0.003117978572845459,0.6623345355248145,7.529510498046875,True,True,True,True
burst_medium,C_post_step_consistent,True,0.3,42,1,0,121.15157318115234,115.2099380493164,-5.9416351318359375,1.5004632472991943,2.576181650161743,1.0757184028625488,0.25383448600769043,0.25452184677124023,0.0006873607635498047,1.5340192682371483,28.00494384765625,True,True,True,True
burst_medium,C_post_step_consistent,True,1.0,42,1,99,7.396156311035156,7.042701244354248,-0.3534550666809082,1.217699646949768,1.2195581197738647,0.0018584728240966797,0.18756313621997833,0.18705719709396362,-0.0005059391260147095,0.1399757262985061,0.9291955828666687,True,True,True,True
burst_medium,C_post_step_consistent,True,1.0,42,1,80,5.972658634185791,5.649548053741455,-0.32311058044433594,1.2318230867385864,1.235024333000183,0.0032012462615966797,0.19818536937236786,0.19236038625240326,-0.0058249831199646,0.17652362645825337,0.9735002517700195,True,True,True,True
burst_medium,C_post_step_consistent,True,1.0,42,1,60,5.567316055297852,5.408492565155029,-0.15882349014282227,1.2314386367797852,1.2358763217926025,0.004437685012817383,0.187892347574234,0.18492045998573303,-0.0029718875885009766,0.1706570262716718,0.8568540215492249,True,True,True,True
burst_medium,C_post_step_consistent,True,1.0,42,1,40,5.749033451080322,7.054039478302002,1.3050060272216797,1.224918007850647,1.267050862312317,0.04213285446166992,0.20586304366588593,0.20850849151611328,0.002645447850227356,0.43078896961928664,2.0617263317108154,True,True,True,True
burst_medium,C_post_step_consistent,True,1.0,42,1,20,59.49077224731445,45.014892578125,-14.475879669189453,0.9720832705497742,1.6985299587249756,0.7264466881752014,0.4040473997592926,0.44447076320648193,0.04042336344718933,0.9932537576265538,10.67201042175293,True,True,True,True
burst_medium,C_post_step_consistent,True,1.0,42,1,0,422.5856018066406,359.3998107910156,-63.185791015625,4.712268829345703,5.675593852996826,0.963325023651123,0.7408276200294495,0.7403848767280579,-0.00044274330139160156,1.5486876722774203,27.912778854370117,True,True,True,True
burst_medium,A_current_post_base_update,True,0.3,42,2,99,12.400832176208496,8.975292205810547,-3.425539970397949,1.3829082250595093,1.3254249095916748,-0.05748331546783447,0.5484642386436462,0.5552428960800171,0.00677865743637085,0.17318598140690616,3.8254823684692383,True,True,True,True
burst_medium,A_current_post_base_update,True,0.3,42,2,80,5.543488025665283,5.19952917098999,-0.34395885467529297,1.2744505405426025,1.2663036584854126,-0.008146882057189941,0.5353685617446899,0.5385314226150513,0.003162860870361328,0.053594182506377284,0.9317659735679626,True,True,True,True
burst_medium,A_current_post_base_update,True,0.3,42,2,60,5.510879039764404,5.143176555633545,-0.3677024841308594,1.2689985036849976,1.2312796115875244,-0.037718892097473145,0.5321451425552368,0.5392842292785645,0.007139086723327637,0.15093412142685797,2.2724993228912354,True,True,True,True
burst_medium,A_current_post_base_update,True,0.3,42,2,40,5.286416530609131,6.094101905822754,0.807685375213623,1.1952416896820068,1.3041704893112183,0.10892879962921143,0.5658272504806519,0.5589843988418579,-0.006842851638793945,0.43187411691872674,5.021552085876465,True,True,True,True
burst_medium,A_current_post_base_update,True,0.3,42,2,20,16.94438362121582,8.178317070007324,-8.766066551208496,1.4523670673370361,1.171126127243042,-0.28124094009399414,0.578924834728241,0.5874193906784058,0.008494555950164795,0.7050742812918782,8.862508773803711,True,True,True,True
burst_medium,A_current_post_base_update,True,0.3,42,2,0,152.2494659423828,112.58432006835938,-39.66514587402344,3.043700695037842,0.9704893231391907,-2.073211371898651,0.6393206119537354,0.6368805170059204,-0.0024400949478149414,1.3391708671198563,29.557113647460938,True,True,True,True
burst_medium,A_current_post_base_update,True,1.0,42,2,99,12.400832176208496,8.581429481506348,-3.8194026947021484,1.3829082250595093,1.1835076808929443,-0.19940054416656494,0.5484642386436462,0.5816763043403625,0.03321206569671631,0.5772865807038935,3.8254823684692383,True,True,True,True
burst_medium,A_current_post_base_update,True,1.0,42,2,80,7.582759857177734,6.914520740509033,-0.6682391166687012,1.2617017030715942,1.2330001592636108,-0.0287015438079834,0.5265818238258362,0.5349413156509399,0.00835949182510376,0.2858060917410345,2.188633680343628,True,True,True,True
burst_medium,A_current_post_base_update,True,1.0,42,2,60,8.22050666809082,7.415903091430664,-0.8046035766601562,1.218603253364563,1.3085715770721436,0.08996832370758057,0.559720516204834,0.5410984754562378,-0.01862204074859619,0.40327949275547154,2.354633092880249,True,True,True,True
burst_medium,A_current_post_base_update,True,1.0,42,2,40,17.03141975402832,9.680954933166504,-7.350464820861816,1.3778101205825806,1.181579351425171,-0.19623076915740967,0.6011664867401123,0.6021806597709656,0.0010141730308532715,0.5812826343700619,5.045405387878418,True,True,True,True
burst_medium,A_current_post_base_update,True,1.0,42,2,20,29.608827590942383,102.03270721435547,72.42387962341309,0.8906183242797852,2.519641876220703,1.629023551940918,0.672839879989624,0.6587311029434204,-0.014108777046203613,1.4934763404946156,11.638622283935547,True,True,True,True
burst_medium,A_current_post_base_update,True,1.0,42,2,0,332.1405334472656,552.4995727539062,220.35903930664062,3.351627826690674,7.623086452484131,4.271458625793457,0.8720553517341614,0.8690349459648132,-0.0030204057693481445,1.9103121046203417,29.745996475219727,True,True,True,True
burst_medium,B_pre_step_guidance,True,0.3,42,2,99,13.230558395385742,9.027382850646973,-4.2031755447387695,1.3926283121109009,1.3265726566314697,-0.06605565547943115,0.5436453223228455,0.5552233457565308,0.011578023433685303,0.17007492231290308,3.8254823684692383,True,True,True,True
burst_medium,B_pre_step_guidance,True,0.3,42,2,80,4.976714134216309,5.244296550750732,0.26758241653442383,1.2460594177246094,1.2681119441986084,0.022052526473999023,0.5359621047973633,0.5368378758430481,0.0008757710456848145,0.04751737272033113,0.8429248332977295,True,True,True,True
burst_medium,B_pre_step_guidance,True,0.3,42,2,60,5.559579372406006,5.643192768096924,0.08361339569091797,1.2719491720199585,1.2258864641189575,-0.04606270790100098,0.5295066237449646,0.5463566184043884,0.016849994659423828,0.12826226155253848,1.9222581386566162,True,True,True,True
burst_medium,B_pre_step_guidance,True,0.3,42,2,40,5.5362091064453125,5.241767406463623,-0.29444169998168945,1.286239504814148,1.2066190242767334,-0.07962048053741455,0.5589954853057861,0.5592130422592163,0.00021755695343017578,0.30813336549386916,3.5493037700653076,True,True,True,True
burst_medium,B_pre_step_guidance,True,0.3,42,2,20,8.017073631286621,13.789557456970215,5.772483825683594,1.328899621963501,1.073164939880371,-0.2557346820831299,0.5856934189796448,0.594829261302948,0.009135842323303223,0.7109637262289712,7.7695465087890625,True,True,True,True
burst_medium,B_pre_step_guidance,True,0.3,42,2,0,119.25878143310547,143.38734436035156,24.128562927246094,2.596660852432251,1.1177483797073364,-1.4789124727249146,0.6065369844436646,0.604354739189148,-0.0021822452545166016,1.6945120663435762,29.63766098022461,True,True,True,True
burst_medium,B_pre_step_guidance,True,1.0,42,2,99,13.230558395385742,8.539402961730957,-4.691155433654785,1.3926283121109009,1.1856807470321655,-0.20694756507873535,0.5436453223228455,0.5812170505523682,0.037571728229522705,0.5669163841547566,3.8254823684692383,True,True,True,True
burst_medium,B_pre_step_guidance,True,1.0,42,2,80,6.487636089324951,7.554779529571533,1.067143440246582,1.244292140007019,1.2402327060699463,-0.004059433937072754,0.5414420366287231,0.5282045602798462,-0.013237476348876953,0.23010949565382213,1.7740041017532349,True,True,True,True
burst_medium,B_pre_step_guidance,True,1.0,42,2,60,6.138766765594482,6.548054218292236,0.4092874526977539,1.2429968118667603,1.2554973363876343,0.012500524520874023,0.5133017301559448,0.5179458260536194,0.0046440958976745605,0.08440477416563243,0.6459649801254272,True,True,True,True
burst_medium,B_pre_step_guidance,True,1.0,42,2,40,12.338499069213867,13.16624641418457,0.8277473449707031,1.3811323642730713,1.1423839330673218,-0.2387484312057495,0.52922523021698,0.5546061396598816,0.02538090944290161,0.8385781502695527,5.291861534118652,True,True,True,True
burst_medium,B_pre_step_guidance,True,1.0,42,2,20,54.59011459350586,50.23466491699219,-4.355449676513672,1.8435993194580078,0.8588293790817261,-0.9847699403762817,0.6856070160865784,0.6408331990242004,-0.04477381706237793,1.2470859320338397,11.263322830200195,True,True,True,True
burst_medium,B_pre_step_guidance,True,1.0,42,2,0,496.7027587890625,375.3111267089844,-121.39163208007812,7.070538520812988,3.663999557495117,-3.406538963317871,0.882326602935791,0.8766770958900452,-0.00564950704574585,1.547016869640189,29.654035568237305,True,True,True,True
burst_medium,C_post_step_consistent,True,0.3,42,2,99,12.400832176208496,7.595351219177246,-4.80548095703125,1.3829082250595093,1.3034769296646118,-0.07943129539489746,0.5484642386436462,0.5618773102760315,0.013413071632385254,0.21224158755249237,4.688176155090332,True,True,True,True
burst_medium,C_post_step_consistent,True,0.3,42,2,80,5.190408229827881,4.812468528747559,-0.37793970108032227,1.268036127090454,1.2455155849456787,-0.02252054214477539,0.539538562297821,0.5467027425765991,0.007164180278778076,0.08610011493422269,1.5388635396957397,True,True,True,True
burst_medium,C_post_step_consistent,True,0.3,42,2,60,5.735086441040039,5.621718883514404,-0.11336755752563477,1.224134087562561,1.2723534107208252,0.04821932315826416,0.5388821363449097,0.5305111408233643,-0.00837099552154541,0.17851731320076722,2.6385269165039062,True,True,True,True
burst_medium,C_post_step_consistent,True,0.3,42,2,40,5.321983814239502,5.816866874694824,0.49488306045532227,1.2291468381881714,1.2757151126861572,0.04656827449798584,0.5549685955047607,0.5563573241233826,0.0013887286186218262,0.33044372816782663,3.530219793319702,True,True,True,True
burst_medium,C_post_step_consistent,True,0.3,42,2,20,13.145660400390625,11.311275482177734,-1.8343849182128906,1.1346065998077393,1.3413633108139038,0.20675671100616455,0.572104275226593,0.5757282376289368,0.00362396240234375,0.7498324800541777,8.484972953796387,True,True,True,True
burst_medium,C_post_step_consistent,True,0.3,42,2,0,129.7070770263672,133.6820831298828,3.975006103515625,1.309270977973938,2.684096336364746,1.374825358390808,0.5563824772834778,0.5602662563323975,0.0038837790489196777,1.7217403025518176,29.560304641723633,True,True,True,True
burst_medium,C_post_step_consistent,True,1.0,42,2,99,12.400832176208496,12.60080337524414,0.19997119903564453,1.3829082250595093,1.1240642070770264,-0.2588440179824829,0.5484642386436462,0.607624888420105,0.05916064977645874,0.70747187455803,4.688176155090332,True,True,True,True
burst_medium,C_post_step_consistent,True,1.0,42,2,80,6.859962463378906,6.73027229309082,-0.12969017028808594,1.2685619592666626,1.2266234159469604,-0.04193854331970215,0.5489040017127991,0.5477504134178162,-0.0011535882949829102,0.2734153040058433,1.9667096138000488,True,True,True,True
burst_medium,C_post_step_consistent,True,1.0,42,2,60,29.37289047241211,38.979122161865234,9.606231689453125,1.4417414665222168,1.3756930828094482,-0.06604838371276855,0.3658742904663086,0.3580779433250427,-0.007796347141265869,0.9961777143146512,13.210680961608887,True,True,True,True
burst_medium,C_post_step_consistent,True,1.0,42,2,40,15.600953102111816,10.937788009643555,-4.663165092468262,1.4363279342651367,1.2195903062820435,-0.21673762798309326,0.4402846395969391,0.5398170351982117,0.09953239560127258,0.5488855552207321,4.519083023071289,True,True,True,True
burst_medium,C_post_step_consistent,True,1.0,42,2,20,53.6836051940918,71.60710144042969,17.92349624633789,0.7645867466926575,2.109720230102539,1.3451334834098816,0.7244806885719299,0.7093462944030762,-0.01513439416885376,1.2749141620444802,11.379770278930664,True,True,True,True
burst_medium,C_post_step_consistent,True,1.0,42,2,0,362.869384765625,513.8523559570312,150.98297119140625,4.187125205993652,6.750923156738281,2.563797950744629,0.9543941020965576,0.9634285569190979,0.009034454822540283,1.9214210649278634,29.63143539428711,True,True,True,True
gaussian_medium,A_current_post_base_update,True,0.3,42,0,99,4.54099178314209,4.543891429901123,0.002899646759033203,1.9609153270721436,1.9688386917114258,0.007923364639282227,0.19108371436595917,0.19102182984352112,-6.188452243804932e-05,0.06123930769761431,1.3535864353179932,True,True,True,True
gaussian_medium,A_current_post_base_update,True,0.3,42,0,80,3.983111619949341,3.9736101627349854,-0.009501457214355469,1.9740155935287476,1.9776023626327515,0.0035867691040039062,0.19787195324897766,0.19784101843833923,-3.0934810638427734e-05,0.07868933492839345,1.3245381116867065,True,True,True,True
gaussian_medium,A_current_post_base_update,True,0.3,42,0,60,3.8783669471740723,3.898214340209961,0.019847393035888672,1.9576762914657593,1.956525206565857,-0.0011510848999023438,0.20392601191997528,0.2043931484222412,0.0004671365022659302,0.02184905054778606,0.3214845359325409,True,True,True,True
gaussian_medium,A_current_post_base_update,True,0.3,42,0,40,3.7384145259857178,3.53020977973938,-0.2082047462463379,1.9857490062713623,1.9711421728134155,-0.014606833457946777,0.20056737959384918,0.20232555270195007,0.0017581731081008911,0.1095465984156356,1.3414710760116577,True,True,True,True
gaussian_medium,A_current_post_base_update,True,0.3,42,0,20,11.605888366699219,21.078752517700195,9.472864151000977,1.9658111333847046,2.0879464149475098,0.12213528156280518,0.21587292850017548,0.22052808105945587,0.0046551525592803955,1.0669724849225501,12.76993179321289,True,True,True,True
gaussian_medium,A_current_post_base_update,True,0.3,42,0,0,120.22907257080078,127.17321014404297,6.9441375732421875,2.756856918334961,2.4670956134796143,-0.2897613048553467,0.2542183995246887,0.2543298006057739,0.00011140108108520508,1.5199195278885875,28.661575317382812,True,True,True,True
gaussian_medium,A_current_post_base_update,True,1.0,42,0,99,4.54099178314209,6.224032878875732,1.6830410957336426,1.9609153270721436,1.9739973545074463,0.013082027435302734,0.19108371436595917,0.19346477091312408,0.002381056547164917,0.2041310286549908,1.3535864353179932,True,True,True,True
gaussian_medium,A_current_post_base_update,True,1.0,42,0,80,4.339640140533447,3.7967941761016846,-0.5428459644317627,1.9998716115951538,1.9804229736328125,-0.01944863796234131,0.19567523896694183,0.19728076457977295,0.0016055256128311157,0.16261467929487844,0.8986070156097412,True,True,True,True
gaussian_medium,A_current_post_base_update,True,1.0,42,0,60,3.6488068103790283,3.594886064529419,-0.053920745849609375,1.9600757360458374,1.9966628551483154,0.03658711910247803,0.2134447693824768,0.2144877314567566,0.0010429620742797852,0.1778847322663027,0.9176024794578552,True,True,True,True
gaussian_medium,A_current_post_base_update,True,1.0,42,0,40,10.232930183410645,10.422256469726562,0.18932628631591797,1.9701341390609741,1.9709033966064453,0.0007692575454711914,0.21813151240348816,0.24275246262550354,0.02462095022201538,0.43931346697288587,3.8339126110076904,True,True,True,True
gaussian_medium,A_current_post_base_update,True,1.0,42,0,20,28.076784133911133,59.266868591308594,31.19008445739746,1.9743820428848267,2.1273322105407715,0.15295016765594482,0.480607807636261,0.49319928884506226,0.01259148120880127,1.0543519642219945,9.003683090209961,True,True,True,True
gaussian_medium,A_current_post_base_update,True,1.0,42,0,0,328.9779968261719,495.9889831542969,167.010986328125,4.5494771003723145,6.800417900085449,2.2509407997131348,0.8556923866271973,0.8594048023223877,0.0037124156951904297,1.62893548718977,28.748538970947266,True,True,True,True
gaussian_medium,B_pre_step_guidance,True,0.3,42,0,99,4.85367488861084,4.538941860198975,-0.31473302841186523,1.9568182229995728,1.9687610864639282,0.011942863464355469,0.18450996279716492,0.19101203978061676,0.006502076983451843,0.06017831810801277,1.3535864353179932,True,True,True,True
gaussian_medium,B_pre_step_guidance,True,0.3,42,0,80,4.292573928833008,3.9375035762786865,-0.3550703525543213,1.9693187475204468,1.9764207601547241,0.007102012634277344,0.19962546229362488,0.1981433928012848,-0.0014820694923400879,0.06164378272861192,1.019883632659912,True,True,True,True
gaussian_medium,B_pre_step_guidance,True,0.3,42,0,60,3.5468246936798096,3.926262140274048,0.3794374465942383,1.9796793460845947,1.9556429386138916,-0.024036407470703125,0.20292094349861145,0.20423153042793274,0.001310586929321289,0.0256506755249664,0.37015876173973083,True,True,True,True
gaussian_medium,B_pre_step_guidance,True,0.3,42,0,40,3.438396453857422,3.5707340240478516,0.1323375701904297,1.9791761636734009,1.9704933166503906,-0.008682847023010254,0.20484666526317596,0.20346128940582275,-0.0013853758573532104,0.038583859914201386,0.46809059381484985,True,True,True,True
gaussian_medium,B_pre_step_guidance,True,0.3,42,0,20,9.445171356201172,15.729116439819336,6.283945083618164,1.9442704916000366,2.030562162399292,0.08629167079925537,0.21059514582157135,0.212276428937912,0.0016812831163406372,0.8089035301126254,9.700228691101074,True,True,True,True
gaussian_medium,B_pre_step_guidance,True,0.3,42,0,0,114.4111557006836,129.4606170654297,15.049461364746094,2.6582233905792236,2.5452897548675537,-0.11293363571166992,0.2456950843334198,0.24579265713691711,9.757280349731445e-05,1.64460035605626,28.649822235107422,True,True,True,True
gaussian_medium,B_pre_step_guidance,True,1.0,42,0,99,4.85367488861084,6.193173885345459,1.3394989967346191,1.9568182229995728,1.973809003829956,0.0169907808303833,0.18450996279716492,0.193326935172081,0.008816972374916077,0.20059439663774095,1.3535864353179932,True,True,True,True
gaussian_medium,B_pre_step_guidance,True,1.0,42,0,80,3.8238906860351562,3.9000802040100098,0.07618951797485352,1.9704128503799438,1.9881799221038818,0.01776707172393799,0.20341277122497559,0.2006480097770691,-0.002764761447906494,0.13066468398123765,0.7842304110527039,True,True,True,True
gaussian_medium,B_pre_step_guidance,True,1.0,42,0,60,5.382839202880859,5.082850933074951,-0.2999882698059082,1.9961239099502563,1.9669898748397827,-0.029134035110473633,0.18413160741329193,0.18603062629699707,0.0018990188837051392,0.16140081505656356,1.052161455154419,True,True,True,True
gaussian_medium,B_pre_step_guidance,True,1.0,42,0,40,21.096656799316406,5.847657680511475,-15.248999118804932,1.884615182876587,1.9677098989486694,0.08309471607208252,0.22633782029151917,0.2230844348669052,-0.0032533854246139526,1.0111631616412289,7.091578006744385,True,True,True,True
gaussian_medium,B_pre_step_guidance,True,1.0,42,0,20,53.428123474121094,56.56095504760742,3.132831573486328,2.3554186820983887,1.7593448162078857,-0.5960738658905029,0.32870474457740784,0.31782567501068115,-0.010879069566726685,1.190250619587078,11.397150039672852,True,True,True,True
gaussian_medium,B_pre_step_guidance,True,1.0,42,0,0,308.8857116699219,509.51123046875,200.62551879882812,5.752216815948486,5.001368045806885,-0.7508487701416016,0.7267910838127136,0.7209854125976562,-0.005805671215057373,1.8782391336119428,28.898887634277344,True,True,True,True
gaussian_medium,C_post_step_consistent,True,0.3,42,0,99,4.54099178314209,4.4624857902526855,-0.0785059928894043,1.9609153270721436,1.9709968566894531,0.01008152961730957,0.19108371436595917,0.19061577320098877,-0.00046794116497039795,0.052608804565511966,1.1628243923187256,True,True,True,True
gaussian_medium,C_post_step_consistent,True,0.3,42,0,80,3.957566499710083,3.922731876373291,-0.03483462333679199,1.978440523147583,1.9771878719329834,-0.0012526512145996094,0.19749580323696136,0.19788548350334167,0.00038968026638031006,0.022429652026028164,0.3774050176143646,True,True,True,True
gaussian_medium,C_post_step_consistent,True,0.3,42,0,60,3.9399445056915283,3.606010675430298,-0.33393383026123047,1.9555156230926514,1.9744446277618408,0.018929004669189453,0.20451129972934723,0.20474521815776825,0.0002339184284210205,0.10197809053238452,1.5073683261871338,True,True,True,True
gaussian_medium,C_post_step_consistent,True,0.3,42,0,40,3.55741810798645,3.54841685295105,-0.00900125503540039,1.9732049703598022,1.9756532907485962,0.0024483203887939453,0.20238488912582397,0.20340193808078766,0.001017048954963684,0.06694729532982562,0.7923465371131897,True,True,True,True
gaussian_medium,C_post_step_consistent,True,0.3,42,0,20,12.564284324645996,9.084430694580078,-3.479853630065918,2.04229474067688,1.9344003200531006,-0.1078944206237793,0.23328033089637756,0.22829298675060272,-0.004987344145774841,0.7270420673259598,8.609426498413086,True,True,True,True
gaussian_medium,C_post_step_consistent,True,0.3,42,0,0,129.79217529296875,118.7225341796875,-11.06964111328125,2.4732584953308105,2.7520360946655273,0.2787775993347168,0.3047790825366974,0.30684706568717957,0.0020679831504821777,1.5768984671629553,28.787242889404297,True,True,True,True
gaussian_medium,C_post_step_consistent,True,1.0,42,0,99,4.54099178314209,5.675069332122803,1.134077548980713,1.9609153270721436,1.984821081161499,0.02390575408935547,0.19108371436595917,0.19027665257453918,-0.0008070617914199829,0.175362675892487,1.1628243923187256,True,True,True,True
gaussian_medium,C_post_step_consistent,True,1.0,42,0,80,4.278032302856445,5.6982927322387695,1.4202604293823242,2.003774642944336,1.9398924112319946,-0.06388223171234131,0.1996687650680542,0.1962084323167801,-0.003460332751274109,0.2697241903610388,1.75961172580719,True,True,True,True
gaussian_medium,C_post_step_consistent,True,1.0,42,0,60,4.421213626861572,3.6115028858184814,-0.8097107410430908,1.943398118019104,1.9916067123413086,0.04820859432220459,0.21244026720523834,0.21271511912345886,0.00027485191822052,0.43730569796334107,2.0634820461273193,True,True,True,True
gaussian_medium,C_post_step_consistent,True,1.0,42,0,40,8.742264747619629,10.628859519958496,1.8865947723388672,1.9472144842147827,2.0486388206481934,0.10142433643341064,0.22699394822120667,0.25071239471435547,0.023718446493148804,0.5751593183494245,4.077666282653809,True,True,True,True
gaussian_medium,C_post_step_consistent,True,1.0,42,0,20,55.87715530395508,60.682518005371094,4.805362701416016,1.885911226272583,2.2930305004119873,0.4071192741394043,0.502922534942627,0.5580354332923889,0.05511289834976196,1.3415088649757645,12.536416053771973,True,True,True,True
gaussian_medium,C_post_step_consistent,True,1.0,42,0,0,377.95281982421875,448.22552490234375,70.272705078125,4.507167816162109,6.768901824951172,2.2617340087890625,0.899642825126648,0.9035651683807373,0.0039223432540893555,1.6401792849145904,28.750839233398438,True,True,True,True
gaussian_medium,A_current_post_base_update,True,0.3,42,1,99,5.752056121826172,5.162495136260986,-0.5895609855651855,1.2019107341766357,1.2088325023651123,0.0069217681884765625,0.1375119835138321,0.13674511015415192,-0.0007668733596801758,0.1078337853356966,2.384190320968628,True,True,True,True
gaussian_medium,A_current_post_base_update,True,0.3,42,1,80,4.360959529876709,4.3345746994018555,-0.026384830474853516,1.2359893321990967,1.2348936796188354,-0.0010956525802612305,0.13647964596748352,0.13651128113269806,3.1635165214538574e-05,0.0467609501856053,0.8341056108474731,True,True,True,True
gaussian_medium,A_current_post_base_update,True,0.3,42,1,60,4.637228012084961,4.065180778503418,-0.572047233581543,1.2541248798370361,1.2453932762145996,-0.008731603622436523,0.1418483704328537,0.14307907223701477,0.0012307018041610718,0.14394583327135585,2.231452703475952,True,True,True,True
gaussian_medium,A_current_post_base_update,True,0.3,42,1,40,4.275082111358643,4.1961140632629395,-0.07896804809570312,1.2401076555252075,1.2474782466888428,0.007370591163635254,0.1306365430355072,0.13263501226902008,0.0019984692335128784,0.1146426601991697,1.5517550706863403,True,True,True,True
gaussian_medium,A_current_post_base_update,True,0.3,42,1,20,9.879858016967773,6.387911796569824,-3.491946220397949,1.310064435005188,1.2100242376327515,-0.10004019737243652,0.15074890851974487,0.14696532487869263,-0.003783583641052246,0.46285131966626936,6.0796799659729,True,True,True,True
gaussian_medium,A_current_post_base_update,True,0.3,42,1,0,117.17897033691406,117.84272003173828,0.6637496948242188,2.6355957984924316,1.4379111528396606,-1.197684645652771,0.13894616067409515,0.13990218937397003,0.0009560286998748779,1.6001526809831355,27.898971557617188,True,True,True,True
gaussian_medium,A_current_post_base_update,True,1.0,42,1,99,5.752056121826172,5.121596336364746,-0.6304597854614258,1.2019107341766357,1.2365937232971191,0.0346829891204834,0.1375119835138321,0.1389489322900772,0.0014369487762451172,0.35944591517446545,2.384190320968628,True,True,True,True
gaussian_medium,A_current_post_base_update,True,1.0,42,1,80,4.478938579559326,4.2719407081604,-0.20699787139892578,1.2328789234161377,1.2294447422027588,-0.0034341812133789062,0.14788562059402466,0.14016857743263245,-0.007717043161392212,0.09122978079051978,0.5636864900588989,True,True,True,True
gaussian_medium,A_current_post_base_update,True,1.0,42,1,60,4.850051403045654,4.111822128295898,-0.7382292747497559,1.2371881008148193,1.2431056499481201,0.005917549133300781,0.13828647136688232,0.1464994102716446,0.008212938904762268,0.4362511998683255,2.39770245552063,True,True,True,True
gaussian_medium,A_current_post_base_update,True,1.0,42,1,40,4.185136318206787,5.12343692779541,0.938300609588623,1.2404932975769043,1.2644281387329102,0.02393484115600586,0.14216773211956024,0.13619288802146912,-0.0059748440980911255,0.5585620893176428,2.4373691082000732,True,True,True,True
gaussian_medium,A_current_post_base_update,True,1.0,42,1,20,77.59552764892578,68.12944030761719,-9.466087341308594,1.5758821964263916,1.7916908264160156,0.21580862998962402,0.3055363595485687,0.372790664434433,0.06725430488586426,1.301845774266043,13.481806755065918,True,True,True,True
gaussian_medium,A_current_post_base_update,True,1.0,42,1,0,490.1173095703125,296.0284118652344,-194.08889770507812,6.658711910247803,4.263729095458984,-2.3949828147888184,1.0181535482406616,1.0176727771759033,-0.0004807710647583008,1.2117888925443703,28.00277328491211,True,True,True,True
gaussian_medium,B_pre_step_guidance,True,0.3,42,1,99,6.2617268562316895,5.172160625457764,-1.0895662307739258,1.2081907987594604,1.2086528539657593,0.0004620552062988281,0.13671088218688965,0.13675633072853088,4.544854164123535e-05,0.10599735360468208,2.384190320968628,True,True,True,True
gaussian_medium,B_pre_step_guidance,True,0.3,42,1,80,4.3604865074157715,4.342311859130859,-0.01817464828491211,1.2458124160766602,1.2349610328674316,-0.010851383209228516,0.13904708623886108,0.13635215163230896,-0.002694934606552124,0.04763081861230812,0.8446351885795593,True,True,True,True
gaussian_medium,B_pre_step_guidance,True,0.3,42,1,60,4.487296104431152,4.122277736663818,-0.365018367767334,1.2562235593795776,1.2428066730499268,-0.013416886329650879,0.13466855883598328,0.14278025925159454,0.008111700415611267,0.14403252180390197,2.198913812637329,True,True,True,True
gaussian_medium,B_pre_step_guidance,True,0.3,42,1,40,4.168679237365723,4.262208461761475,0.09352922439575195,1.240830898284912,1.2492486238479614,0.008417725563049316,0.1347762942314148,0.1332518756389618,-0.001524418592453003,0.09852560669125089,1.28470778465271,True,True,True,True
gaussian_medium,B_pre_step_guidance,True,0.3,42,1,20,7.3238677978515625,8.139336585998535,0.8154687881469727,1.2843302488327026,1.2010704278945923,-0.08325982093811035,0.1461072713136673,0.1507837027311325,0.00467643141746521,0.5953240662022455,7.109563827514648,True,True,True,True
gaussian_medium,B_pre_step_guidance,True,0.3,42,1,0,107.13705444335938,125.94168853759766,18.80463409423828,2.503194570541382,1.4800289869308472,-1.0231655836105347,0.15049535036087036,0.15083615481853485,0.00034080445766448975,1.6434046941603628,27.99359130859375,True,True,True,True
gaussian_medium,B_pre_step_guidance,True,1.0,42,1,99,6.2617268562316895,5.097372531890869,-1.1643543243408203,1.2081907987594604,1.2358019351959229,0.027611136436462402,0.13671088218688965,0.13896730542182922,0.002256423234939575,0.3533244766832264,2.384190320968628,True,True,True,True
gaussian_medium,B_pre_step_guidance,True,1.0,42,1,80,4.020757675170898,4.1648149490356445,0.1440572738647461,1.2409507036209106,1.2297849655151367,-0.011165738105773926,0.1448127031326294,0.14437153935432434,-0.0004411637783050537,0.10560632355013427,0.6001878380775452,True,True,True,True
gaussian_medium,B_pre_step_guidance,True,1.0,42,1,60,4.444989204406738,4.902627468109131,0.4576382637023926,1.2460426092147827,1.2347819805145264,-0.011260628700256348,0.13739457726478577,0.14239609241485596,0.00500151515007019,0.32042803088534194,1.5870765447616577,True,True,True,True
gaussian_medium,B_pre_step_guidance,True,1.0,42,1,40,7.537631511688232,6.428255081176758,-1.1093764305114746,1.270143747329712,1.273454189300537,0.0033104419708251953,0.13979284465312958,0.1762770116329193,0.036484166979789734,0.6884205026885416,3.2113568782806396,True,True,True,True
gaussian_medium,B_pre_step_guidance,True,1.0,42,1,20,33.16179656982422,85.5138931274414,52.35209655761719,1.4100322723388672,1.7088037729263306,0.2987715005874634,0.42450693249702454,0.5026232600212097,0.07811632752418518,1.2216530104877292,12.51523494720459,True,True,True,True
gaussian_medium,B_pre_step_guidance,True,1.0,42,1,0,283.1152648925781,489.96484375,206.84957885742188,4.108439922332764,6.665196418762207,2.5567564964294434,0.981585681438446,0.9754216074943542,-0.006164073944091797,1.5542586383173884,28.084794998168945,True,True,True,True
gaussian_medium,C_post_step_consistent,True,0.3,42,1,99,5.752056121826172,5.12520170211792,-0.626854419708252,1.2019107341766357,1.2085778713226318,0.006667137145996094,0.1375119835138321,0.13951827585697174,0.0020062923431396484,0.08465433050628382,1.8716957569122314,True,True,True,True
gaussian_medium,C_post_step_consistent,True,0.3,42,1,80,4.26401948928833,4.143216609954834,-0.1208028793334961,1.2368333339691162,1.2385019063949585,0.0016685724258422852,0.1361301839351654,0.1382376104593277,0.0021074265241622925,0.04494087938976839,0.8094616532325745,True,True,True,True
gaussian_medium,C_post_step_consistent,True,0.3,42,1,60,4.113081932067871,4.077081203460693,-0.036000728607177734,1.2449477910995483,1.2458994388580322,0.0009516477584838867,0.1422886997461319,0.14288127422332764,0.0005925744771957397,0.02698550125832872,0.4190090596675873,True,True,True,True
gaussian_medium,C_post_step_consistent,True,0.3,42,1,40,4.214930534362793,4.10828971862793,-0.10664081573486328,1.2404835224151611,1.2405163049697876,3.2782554626464844e-05,0.13202032446861267,0.13290460407733917,0.0008842796087265015,0.06224921121089509,0.8748838901519775,True,True,True,True
gaussian_medium,C_post_step_consistent,True,0.3,42,1,20,7.916759014129639,12.00513744354248,4.088378429412842,1.1916539669036865,1.34508216381073,0.15342819690704346,0.13463900983333588,0.1374877244234085,0.002848714590072632,0.6140325911934689,7.72267484664917,True,True,True,True
gaussian_medium,C_post_step_consistent,True,0.3,42,1,0,115.55379486083984,119.77655792236328,4.2227630615234375,1.404558539390564,2.675853967666626,1.271295428276062,0.17523221671581268,0.17464523017406464,-0.0005869865417480469,1.6411144613188453,27.93280601501465,True,True,True,True
gaussian_medium,C_post_step_consistent,True,1.0,42,1,99,5.752056121826172,5.172881126403809,-0.5791749954223633,1.2019107341766357,1.2209630012512207,0.01905226707458496,0.1375119835138321,0.14726899564266205,0.009757012128829956,0.2821810777245972,1.8716957569122314,True,True,True,True
gaussian_medium,C_post_step_consistent,True,1.0,42,1,80,4.788517475128174,4.090578556060791,-0.6979389190673828,1.2228361368179321,1.2390211820602417,0.01618504524230957,0.1285194307565689,0.1377122402191162,0.009192809462547302,0.24088575087190178,1.5421334505081177,True,True,True,True
gaussian_medium,C_post_step_consistent,True,1.0,42,1,60,4.6189703941345215,5.8995890617370605,1.280618667602539,1.242314100265503,1.2648084163665771,0.02249431610107422,0.14355677366256714,0.13926032185554504,-0.004296451807022095,0.42642214624142855,2.1458959579467773,True,True,True,True
gaussian_medium,C_post_step_consistent,True,1.0,42,1,40,8.006813049316406,6.234728813171387,-1.7720842361450195,1.235000491142273,1.2579048871994019,0.022904396057128906,0.12257931381464005,0.13528528809547424,0.012705974280834198,0.7650377944862155,3.536262035369873,True,True,True,True
gaussian_medium,C_post_step_consistent,True,1.0,42,1,20,55.492488861083984,71.18864440917969,15.696155548095703,1.885235071182251,1.0742104053497314,-0.8110246658325195,0.30645203590393066,0.25037553906440735,-0.056076496839523315,1.2548557158024236,12.083463668823242,True,True,True,True
gaussian_medium,C_post_step_consistent,True,1.0,42,1,0,365.6473388671875,417.2691955566406,51.621856689453125,5.779092311859131,4.743794918060303,-1.0352973937988281,0.5366882681846619,0.5360012650489807,-0.0006870031356811523,1.710007725834796,27.968463897705078,True,True,True,True
gaussian_medium,A_current_post_base_update,True,0.3,42,2,99,7.192580223083496,6.269149303436279,-0.9234309196472168,1.354142427444458,1.3448485136032104,-0.009293913841247559,0.5306848287582397,0.52785325050354,-0.002831578254699707,0.08837502918170217,1.9500987529754639,True,True,True,True
gaussian_medium,A_current_post_base_update,True,0.3,42,2,80,4.281138896942139,4.220125198364258,-0.06101369857788086,1.3075448274612427,1.306574821472168,-0.000970005989074707,0.5029479265213013,0.5036580562591553,0.0007101297378540039,0.03440947391940676,0.6245350241661072,True,True,True,True
gaussian_medium,A_current_post_base_update,True,0.3,42,2,60,3.861515998840332,3.853898048400879,-0.007617950439453125,1.3013837337493896,1.3016890287399292,0.0003052949905395508,0.5218834280967712,0.5231835246086121,0.0013000965118408203,0.028897350121629348,0.42613452672958374,True,True,True,True
gaussian_medium,A_current_post_base_update,True,0.3,42,2,40,3.643198251724243,3.611227512359619,-0.03197073936462402,1.2859621047973633,1.2924985885620117,0.0065364837646484375,0.5454626083374023,0.5460618138313293,0.000599205493927002,0.05921497020194581,0.6657983064651489,True,True,True,True
gaussian_medium,A_current_post_base_update,True,0.3,42,2,20,5.970484733581543,10.171195030212402,4.200710296630859,1.2575392723083496,1.3356921672821045,0.07815289497375488,0.5624130368232727,0.5665091872215271,0.0040961503982543945,0.6703457279901512,6.175819396972656,True,True,True,True
gaussian_medium,A_current_post_base_update,True,0.3,42,2,0,111.29639434814453,135.59120178222656,24.29480743408203,1.5013468265533447,2.6586034297943115,1.1572566032409668,0.5341968536376953,0.5368049740791321,0.0026081204414367676,1.8859427493964238,28.62882423400879,True,True,True,True
gaussian_medium,A_current_post_base_update,True,1.0,42,2,99,7.192580223083496,4.6247076988220215,-2.5678725242614746,1.354142427444458,1.3240487575531006,-0.030093669891357422,0.5306848287582397,0.5232846140861511,-0.007400214672088623,0.2945834125978272,1.9500987529754639,True,True,True,True
gaussian_medium,A_current_post_base_update,True,1.0,42,2,80,94.7667236328125,349.4619445800781,254.69522094726562,0.7829589247703552,5.587700843811035,4.80474191904068,0.44863539934158325,0.5052610039710999,0.0566256046295166,1.5377589702732788,27.898530960083008,True,True,True,True
gaussian_medium,A_current_post_base_update,True,1.0,42,2,60,12.873393058776855,11.687577247619629,-1.1858158111572266,1.2641226053237915,1.3028342723846436,0.03871166706085205,0.563276469707489,0.5268771648406982,-0.03639930486679077,0.13646387228036488,2.6056861877441406,True,True,True,True
gaussian_medium,A_current_post_base_update,True,1.0,42,2,40,7.854031085968018,3.9176247119903564,-3.936406373977661,1.2187658548355103,1.2960636615753174,0.07729780673980713,0.5308396816253662,0.5042529106140137,-0.02658677101135254,0.41904506074949377,2.904395818710327,True,True,True,True
gaussian_medium,A_current_post_base_update,True,1.0,42,2,20,63.552860260009766,52.4190673828125,-11.133792877197266,2.115180253982544,0.6946288347244263,-1.4205514192581177,0.6770394444465637,0.6801453828811646,0.00310593843460083,1.2732270358606756,11.657628059387207,True,True,True,True
gaussian_medium,A_current_post_base_update,True,1.0,42,2,0,508.32037353515625,319.24310302734375,-189.0772705078125,7.411936283111572,3.19427227973938,-4.217664003372192,0.8938161134719849,0.895810067653656,0.0019939541816711426,1.453673594285883,28.736867904663086,True,True,True,True
gaussian_medium,B_pre_step_guidance,True,0.3,42,2,99,5.981018543243408,6.2938385009765625,0.3128199577331543,1.3417631387710571,1.3451237678527832,0.0033606290817260742,0.5239496827125549,0.5278891324996948,0.003939449787139893,0.08669832153524976,1.9500987529754639,True,True,True,True
gaussian_medium,B_pre_step_guidance,True,0.3,42,2,80,4.182196140289307,4.236804485321045,0.05460834503173828,1.3001514673233032,1.304446816444397,0.00429534912109375,0.5022817254066467,0.5025901794433594,0.0003084540367126465,0.031534386641099525,0.5841021537780762,True,True,True,True
gaussian_medium,B_pre_step_guidance,True,0.3,42,2,60,3.704026699066162,3.794304370880127,0.09027767181396484,1.2897398471832275,1.296600580215454,0.0068607330322265625,0.5147990584373474,0.5234742760658264,0.008675217628479004,0.02341361583627353,0.3388473689556122,True,True,True,True
gaussian_medium,B_pre_step_guidance,True,0.3,42,2,40,3.6292800903320312,3.599440097808838,-0.02983999252319336,1.2868422269821167,1.2922229766845703,0.005380749702453613,0.5470513701438904,0.5447331666946411,-0.0023182034492492676,0.043642762860018634,0.47550272941589355,True,True,True,True
gaussian_medium,B_pre_step_guidance,True,0.3,42,2,20,5.218677997589111,8.127869606018066,2.909191608428955,1.2510004043579102,1.3610531091690063,0.11005270481109619,0.5581883788108826,0.5657795667648315,0.007591187953948975,0.6708092363841156,6.013471603393555,True,True,True,True
gaussian_medium,B_pre_step_guidance,True,0.3,42,2,0,118.51575469970703,125.13038635253906,6.614631652832031,1.4606763124465942,2.598043203353882,1.1373668909072876,0.526397168636322,0.5294787883758545,0.0030816197395324707,1.7463882535228497,28.591615676879883,True,True,True,True
gaussian_medium,B_pre_step_guidance,True,1.0,42,2,99,5.981018543243408,4.655698776245117,-1.325319766998291,1.3417631387710571,1.324625849723816,-0.01713728904724121,0.5239496827125549,0.5233913660049438,-0.000558316707611084,0.2889943874513089,1.9500987529754639,True,True,True,True
gaussian_medium,B_pre_step_guidance,True,1.0,42,2,80,3.4369699954986572,3.5724236965179443,0.1354537010192871,1.2815271615982056,1.299845576286316,0.01831841468811035,0.5144795775413513,0.5172811150550842,0.00280153751373291,0.08468943388010615,0.5324229001998901,True,True,True,True
gaussian_medium,B_pre_step_guidance,True,1.0,42,2,60,3.4711995124816895,3.4978649616241455,0.026665449142456055,1.2913421392440796,1.2984975576400757,0.007155418395996094,0.534662663936615,0.542809784412384,0.008147120475769043,0.07587948838479225,0.3895506262779236,True,True,True,True
gaussian_medium,B_pre_step_guidance,True,1.0,42,2,40,3.5783939361572266,4.072338104248047,0.4939441680908203,1.29781174659729,1.2689169645309448,-0.028894782066345215,0.5530040860176086,0.555267333984375,0.0022632479667663574,0.1997489650158092,1.0879113674163818,True,True,True,True
gaussian_medium,B_pre_step_guidance,True,1.0,42,2,20,62.59128189086914,44.2952766418457,-18.296005249023438,1.9392483234405518,1.0174089670181274,-0.9218393564224243,0.6477722525596619,0.6083360314369202,-0.0394362211227417,1.3726556688843914,10.920212745666504,True,True,True,True
gaussian_medium,B_pre_step_guidance,True,1.0,42,2,0,495.0201721191406,317.4237060546875,-177.59646606445312,7.057354927062988,3.4824376106262207,-3.5749173164367676,0.6844207048416138,0.6770318150520325,-0.007388889789581299,1.5710047734256642,28.640480041503906,True,True,True,True
gaussian_medium,C_post_step_consistent,True,0.3,42,2,99,7.192580223083496,6.04709529876709,-1.1454849243164062,1.354142427444458,1.3396142721176147,-0.014528155326843262,0.5306848287582397,0.5303075313568115,-0.00037729740142822266,0.09473279849066882,2.09039044380188,True,True,True,True
gaussian_medium,C_post_step_consistent,True,0.3,42,2,80,4.215404510498047,4.114537715911865,-0.10086679458618164,1.308842420578003,1.305906057357788,-0.0029363632202148438,0.5037326812744141,0.5053220391273499,0.001589357852935791,0.03393874595034192,0.6136178970336914,True,True,True,True
gaussian_medium,C_post_step_consistent,True,0.3,42,2,60,3.7898223400115967,3.7383172512054443,-0.051505088806152344,1.2979261875152588,1.2950750589370728,-0.002851128578186035,0.5258703827857971,0.527031421661377,0.001161038875579834,0.031672772915909614,0.4494001865386963,True,True,True,True
gaussian_medium,C_post_step_consistent,True,0.3,42,2,40,3.562904119491577,3.4728119373321533,-0.09009218215942383,1.2942123413085938,1.2911521196365356,-0.0030602216720581055,0.544284462928772,0.5458539128303528,0.0015694499015808105,0.0616979440226088,0.6738717555999756,True,True,True,True
gaussian_medium,C_post_step_consistent,True,0.3,42,2,20,10.546552658081055,10.546506881713867,-4.57763671875e-05,1.2701032161712646,1.3330762386322021,0.0629730224609375,0.5553189516067505,0.5643974542617798,0.009078502655029297,0.8667558168284522,8.479783058166504,True,True,True,True
gaussian_medium,C_post_step_consistent,True,0.3,42,2,0,120.39889526367188,126.56825256347656,6.1693572998046875,1.5019500255584717,2.6039907932281494,1.1020407676696777,0.5312933325767517,0.5341329574584961,0.0028396248817443848,1.7875951579671892,28.625288009643555,True,True,True,True
gaussian_medium,C_post_step_consistent,True,1.0,42,2,99,7.192580223083496,5.094827651977539,-2.097752571105957,1.354142427444458,1.3226479291915894,-0.03149449825286865,0.5306848287582397,0.5329582691192627,0.0022734403610229492,0.315775982963665,2.09039044380188,True,True,True,True
gaussian_medium,C_post_step_consistent,True,1.0,42,2,80,3.8296334743499756,3.6885340213775635,-0.1410994529724121,1.3097459077835083,1.2929412126541138,-0.01680469512939453,0.5139095783233643,0.5227084755897522,0.00879889726638794,0.2054167958351093,1.2426882982254028,True,True,True,True
gaussian_medium,C_post_step_consistent,True,1.0,42,2,60,3.2816381454467773,3.2115182876586914,-0.07011985778808594,1.285628080368042,1.2930752038955688,0.0074471235275268555,0.5304921269416809,0.5336127877235413,0.0031206607818603516,0.07741080194604322,0.4462735950946808,True,True,True,True
gaussian_medium,C_post_step_consistent,True,1.0,42,2,40,3.399510622024536,3.3333160877227783,-0.06619453430175781,1.2856476306915283,1.2954775094985962,0.009829878807067871,0.5551663041114807,0.5539867281913757,-0.0011795759201049805,0.09996387197855187,0.45582833886146545,True,True,True,True
gaussian_medium,C_post_step_consistent,True,1.0,42,2,20,63.172332763671875,89.95881652832031,26.786483764648438,0.6199636459350586,2.4243247509002686,1.80436110496521,0.6630960702896118,0.6971299052238464,0.03403383493423462,1.6591770052194263,15.10041332244873,True,True,True,True
gaussian_medium,C_post_step_consistent,True,1.0,42,2,0,369.35028076171875,461.161865234375,91.81158447265625,3.7456116676330566,6.837942600250244,3.0923309326171875,0.8573857545852661,0.854857325553894,-0.0025284290313720703,1.8169840360965583,28.828184127807617,True,True,True,True
