condition,zeta,seed,trajectory_id,finite,first_nonfinite_step,first_nonfinite_stage,max_grad_norm,max_update_to_x_ratio,max_x_after_max_abs,ADE,acceleration_RMS,weighted_residual_norm_last,unweighted_residual_norm_last,sigma_obs_min,sigma_obs_mean,sigma_obs_max,anchor_y0_x,anchor_y0_y,anchor_error,anchor_anomaly_threshold,anchor_obvious_anomaly,update_to_x_ratio_t99,update_to_x_ratio_t80,update_to_x_ratio_t60,update_to_x_ratio_t40,update_to_x_ratio_t20,update_to_x_ratio_t0
drift_medium,0.3,42,0,True,,none,27.265583038330078,2.2252470833329387,2.5298640727996826,2.6958236694335938,0.23909075558185577,126.0865707397461,8.253589630126953,0.05000000074505806,0.06254220008850098,0.06863808631896973,1.4332839250564575,2.717742919921875,2.596112012863159,3.9993181228637695,False,0.1468329894741041,0.037098278080686185,0.14143757025768983,0.5539132249328924,0.9964267466630499,1.7043578204515524
drift_medium,0.3,42,1,True,,none,26.575803756713867,2.2110176817991443,2.558103322982788,1.482633352279663,0.15162473917007446,98.41045379638672,6.618996620178223,0.05000000074505806,0.06417844444513321,0.0697857066988945,0.19608202576637268,0.718597412109375,2.3427367210388184,3.9993181228637695,False,0.10929335524002848,0.13148756030922276,0.12634185888265723,0.27690070810269724,0.8313003848395603,1.9437731548968669
drift_medium,0.3,42,2,True,,none,27.86827850341797,2.141575045446251,2.155630588531494,2.635396957397461,0.5087011456489563,110.58696746826172,7.071186065673828,0.05000000074505806,0.0627504363656044,0.06717237830162048,0.8749801516532898,1.2508066892623901,0.6552343368530273,3.9993181228637695,False,0.09387320504594038,0.059748710366478615,0.06228293620209378,0.1990060558083638,0.956107828913394,2.063892217887376
drift_medium,1.0,42,0,True,,none,27.2254581451416,1.6509810718048936,7.837182998657227,7.084402561187744,0.9479138255119324,342.0027770996094,22.40857696533203,0.05000000074505806,0.06254220008850098,0.06863808631896973,1.4332839250564575,2.717742919921875,2.596112012863159,3.9993181228637695,False,0.48944328027152006,0.4293742844868726,0.3382694934257727,0.5371077556910463,1.642518493790215,1.5149089355335246
drift_medium,1.0,42,1,True,,none,26.66832160949707,1.8673549073068887,8.800512313842773,4.3760576248168945,0.6180354356765747,442.20697021484375,29.713260650634766,0.05000000074505806,0.06417844444513321,0.0697857066988945,0.19608202576637268,0.718597412109375,2.3427367210388184,3.9993181228637695,False,0.3643111481452701,0.26745085543678937,0.6151034221705273,1.2995408882548523,1.119415344314166,1.3979827363359592
drift_medium,1.0,42,2,True,,none,27.960229873657227,2.3141679586732735,9.331546783447266,7.096027374267578,0.7034123539924622,302.97601318359375,19.374177932739258,0.05000000074505806,0.0627504363656044,0.06717237830162048,0.8749801516532898,1.2508066892623901,0.6552343368530273,3.9993181228637695,False,0.3129106954857663,0.3055602632570691,0.47500516680225546,0.8582936306248251,1.7639892540780746,2.2182410945926088
drift_medium,3.0,42,0,True,,none,56.77516555786133,5.629472231685133,90.43865203857422,14.669120788574219,1.6925666332244873,1098.96728515625,71.93522644042969,0.05000000074505806,0.06254220008850098,0.06863808631896973,1.4332839250564575,2.717742919921875,2.596112012863159,3.9993181228637695,False,1.4683299127165343,0.22926322257307544,0.1380676776285633,0.45353298204244635,1.3598770434778868,1.7328759436094672
drift_medium,3.0,42,1,True,,none,54.903564453125,5.347495023716898,73.18052673339844,19.079429626464844,2.296670436859131,800.4049072265625,53.75652313232422,0.05000000074505806,0.06417844444513321,0.0697857066988945,0.19608202576637268,0.718597412109375,2.3427367210388184,3.9993181228637695,False,1.0929334444358103,0.39203839825960457,0.15186827211190804,0.218992359914568,1.6801433609657261,1.7166866568113277
drift_medium,3.0,42,2,True,,none,66.907470703125,7.274602694481769,78.81703186035156,11.597662925720215,2.3146486282348633,1472.5928955078125,94.1728286743164,0.05000000074505806,0.0627504363656044,0.06717237830162048,0.8749801516532898,1.2508066892623901,0.6552343368530273,3.9993181228637695,False,0.9387320144615087,0.3564837881411574,0.05481778503528313,0.5842534431319667,0.8429795268559714,1.373837747566322
burst_medium,0.3,42,0,True,,none,28.5640926361084,1.7484838739032624,3.266836166381836,2.8543179035186768,0.25820690393447876,114.8182601928711,7.2105021476745605,0.05308897793292999,0.06247776746749878,0.0707106739282608,1.4228841066360474,2.725247383117676,2.60762095451355,3.9853169918060303,False,0.14590123365006824,0.047052122436509546,0.04229820450869867,0.2948895576658183,0.8466007448383724,1.726388471537782
burst_medium,0.3,42,1,True,,none,28.010692596435547,1.5024652876649378,2.788355827331543,1.5085504055023193,0.27908071875572205,112.30377960205078,7.143704414367676,0.05509641021490097,0.0635894238948822,0.0707106739282608,0.20286381244659424,0.7127420902252197,2.3363842964172363,3.9853169918060303,False,0.036795197086216466,0.032109224402622136,0.06097866381275351,0.03190377302423135,0.5299930854073881,1.5024652876649378
burst_medium,0.3,42,2,True,,none,29.557113647460938,1.6390396411614128,4.0757036209106445,0.9899494051933289,0.6381609439849854,156.17645263671875,9.435999870300293,0.054550379514694214,0.06272226572036743,0.0707106739282608,0.8760032057762146,1.254074215888977,0.6528652310371399,3.9853169918060303,False,0.17318598140690616,0.053594182506377284,0.15093412142685797,0.43187411691872674,0.7050742812918782,1.3391708671198563
burst_medium,1.0,42,0,True,,none,28.488290786743164,2.189916154133549,9.156970977783203,6.174328804016113,0.7222997546195984,451.42950439453125,28.297565460205078,0.05308897793292999,0.06247776746749878,0.0707106739282608,1.4228841066360474,2.725247383117676,2.60762095451355,3.9853169918060303,False,0.4863374095511506,0.4868410613137413,0.87684248631034,0.6130929943704296,0.9482147780789205,1.5130650680819617
burst_medium,1.0,42,1,True,,none,28.03787612915039,1.746608739149621,9.163431167602539,4.7127251625061035,0.6132216453552246,390.3799743652344,24.85394287109375,0.05509641021490097,0.0635894238948822,0.0707106739282608,0.20286381244659424,0.7127420902252197,2.3363842964172363,3.9853169918060303,False,0.1226506569540549,0.14358613854789826,0.14387884491630054,0.7272652552554177,1.118826815057988,1.746608739149621
burst_medium,1.0,42,2,True,,none,29.745996475219727,2.438286570358526,8.753680229187012,7.811192512512207,0.8732796907424927,340.4718322753906,20.51540756225586,0.054550379514694214,0.06272226572036743,0.0707106739282608,0.8760032057762146,1.254074215888977,0.6528652310371399,3.9853169918060303,False,0.5772865807038935,0.2858060917410345,0.40327949275547154,0.5812826343700619,1.4934763404946156,1.9103121046203417
burst_medium,3.0,42,0,True,,none,68.7838134765625,4.473795182869773,88.02677917480469,21.664628982543945,2.073204517364502,705.4024658203125,44.102882385253906,0.05308897793292999,0.06247776746749878,0.0707106739282608,1.4228841066360474,2.725247383117676,2.60762095451355,3.9853169918060303,False,1.4590122646025288,0.2983601453787215,0.16152069164498856,0.589632374877737,1.0451753082317252,2.0563414131483686
burst_medium,3.0,42,1,True,,none,60.87934112548828,6.797404224984825,98.8987808227539,12.168176651000977,2.698377847671509,1478.783203125,94.14031982421875,0.05509641021490097,0.0635894238948822,0.0707106739282608,0.20286381244659424,0.7127420902252197,2.3363842964172363,3.9853169918060303,False,0.3679519618832117,0.37617998615269027,0.0393822309287996,0.26973078625055696,1.12724003559494,1.2981270930383044
burst_medium,3.0,42,2,True,,none,72.23333740234375,3.359489318710441,87.31999969482422,18.526988983154297,1.8833718299865723,1246.406005859375,75.26469421386719,0.054550379514694214,0.06272226572036743,0.0707106739282608,0.8760032057762146,1.254074215888977,0.6528652310371399,3.9853169918060303,False,1.7318597421116806,0.28173090516162547,0.08791269769586739,0.6977419988810752,1.2936898169200193,1.8333733877448122
gaussian_medium,0.3,42,0,True,,none,28.661575317382812,1.5199195278885875,2.7508349418640137,2.495056390762329,0.25551801919937134,123.32936096191406,7.664283752441406,0.05593911185860634,0.06244750693440437,0.06826062500476837,1.4485198259353638,2.665743827819824,2.5430591106414795,4.015322685241699,False,0.06123930769761431,0.07868933492839345,0.02184905054778606,0.1095465984156356,1.0669724849225501,1.5199195278885875
gaussian_medium,0.3,42,1,True,,none,27.898971557617188,1.6319116251939523,2.5996007919311523,1.4568579196929932,0.14093120396137238,120.30968475341797,7.66843843460083,0.053872618824243546,0.0632532611489296,0.06803423166275024,0.20829349756240845,0.7525063157081604,2.328446626663208,4.015322685241699,False,0.1078337853356966,0.0467609501856053,0.14394583327135585,0.1146426601991697,0.46285131966626936,1.6001526809831355
gaussian_medium,0.3,42,2,True,,none,28.62882423400879,1.929783961352731,2.803659677505493,2.696108102798462,0.5365177392959595,114.35218811035156,7.119138717651367,0.056917812675237656,0.062448352575302124,0.06781133264303207,0.9472782611846924,1.2559219598770142,0.688651442527771,4.015322685241699,False,0.08837502918170217,0.03440947391940676,0.028897350121629348,0.05921497020194581,0.6703457279901512,1.8859427493964238
gaussian_medium,1.0,42,0,True,,none,28.748538970947266,1.62893548718977,10.358701705932617,6.972564697265625,0.8664636611938477,338.8686218261719,21.05888557434082,0.05593911185860634,0.06244750693440437,0.06826062500476837,1.4485198259353638,2.665743827819824,2.5430591106414795,4.015322685241699,False,0.2041310286549908,0.16261467929487844,0.1778847322663027,0.43931346697288587,1.0543519642219945,1.62893548718977
gaussian_medium,1.0,42,1,True,,none,28.00277328491211,1.5955224632864087,10.299057006835938,4.3562140464782715,1.0252137184143066,504.94873046875,32.246551513671875,0.053872618824243546,0.0632532611489296,0.06803423166275024,0.20829349756240845,0.7525063157081604,2.328446626663208,4.015322685241699,False,0.35944591517446545,0.09122978079051978,0.4362511998683255,0.5585620893176428,1.301845774266043,1.2117888925443703
gaussian_medium,1.0,42,2,True,,none,44.87799835205078,2.697535679383641,14.422791481018066,3.2877910137176514,0.8995488286018372,523.6071166992188,32.60768127441406,0.056917812675237656,0.062448352575302124,0.06781133264303207,0.9472782611846924,1.2559219598770142,0.688651442527771,4.015322685241699,False,0.2945834125978272,1.5377589702732788,0.13646387228036488,0.41904506074949377,1.2732270358606756,1.453673594285883
gaussian_medium,3.0,42,0,True,,none,69.0738754272461,4.879530815820055,126.19573974609375,18.71257209777832,2.1805708408355713,1080.7960205078125,67.15086364746094,0.05593911185860634,0.06244750693440437,0.06826062500476837,1.4485198259353638,2.665743827819824,2.5430591106414795,4.015322685241699,False,0.6123931219202897,0.40898278882177597,0.08004014284298648,0.37690820850083717,0.9710428923876957,1.7473293146923283
gaussian_medium,3.0,42,1,True,,none,53.61503601074219,6.515319659396521,82.04524993896484,14.860026359558105,2.011137008666992,1334.12060546875,85.18338775634766,0.053872618824243546,0.0632532611489296,0.06803423166275024,0.20829349756240845,0.7525063157081604,2.328446626663208,4.015322685241699,False,1.078337853356966,0.3774665171906125,0.04558453275863663,0.3970495805254309,1.1004260698683037,1.4937428254610818
gaussian_medium,3.0,42,2,True,,none,58.211185455322266,10.622928184582063,113.65591430664062,11.153346061706543,2.1436901092529297,1600.706298828125,99.69174194335938,0.056917812675237656,0.062448352575302124,0.06781133264303207,0.9472782611846924,1.2559219598770142,0.688651442527771,4.015322685241699,False,0.8837502017777884,0.29423781625412304,0.07829886088725756,0.4037932768783263,1.4906895508740579,1.3844703536277052
bias_medium,0.3,42,0,True,,none,28.176584243774414,1.945108639082296,2.508716583251953,3.02042818069458,0.24991194903850555,124.61772155761719,7.904600143432617,0.0634307861328125,0.0634307861328125,0.0634307935833931,1.4789915084838867,2.5617454051971436,2.4371025562286377,3.875974655151367,False,0.1591203288962412,0.048281517949524365,0.11638565220033452,0.5938796630838842,1.0443438029814702,1.7425185087322002
bias_medium,0.3,42,1,True,,none,29.480384826660156,2.0795717650201566,2.2842600345611572,2.7744412422180176,0.15617457032203674,129.70909118652344,7.849474906921387,0.06051599234342575,0.06051599979400635,0.06051599979400635,0.23271645605564117,0.820324182510376,2.301293134689331,3.875974655151367,False,0.11501112304535197,0.14667479917969317,0.10760806960530116,0.4477627027736485,1.1974845085151495,1.928465225882449
bias_medium,0.3,42,2,True,,none,27.212045669555664,2.081122831964617,2.176450490951538,2.7560031414031982,0.5086044073104858,107.21347045898438,7.021475315093994,0.06549060344696045,0.06549060344696045,0.06549061089754105,1.091874599456787,1.2661525011062622,0.7717368006706238,3.875974655151367,False,0.09513720980758493,0.06454049342701718,0.07397729289640077,0.09825715112907787,0.9159978948815969,2.0233943231201725
bias_medium,1.0,42,0,True,,none,30.9448299407959,2.4955218466421334,12.942225456237793,5.331923484802246,0.5110421180725098,539.5409545898438,34.223506927490234,0.0634307861328125,0.0634307861328125,0.0634307935833931,1.4789915084838867,2.5617454051971436,2.4371025562286377,3.875974655151367,False,0.530401060369256,0.4365701533837021,0.13227171360293155,0.5234062419198446,1.0950961165091808,1.4140921139985252
bias_medium,1.0,42,1,True,,none,29.54127311706543,1.7560801027695796,10.222052574157715,4.0902509689331055,0.8528074026107788,595.8953247070312,36.06119918823242,0.06051599234342575,0.06051599979400635,0.06051599979400635,0.23271645605564117,0.820324182510376,2.301293134689331,3.875974655151367,False,0.38337041015117324,0.3223511147346994,0.514861942057539,1.0907148321704054,0.9865403714006722,1.2274348475764243
bias_medium,1.0,42,2,True,,none,27.22849464416504,2.5095577164752245,8.64973258972168,6.869355201721191,0.6776440739631653,315.203125,20.642841339111328,0.06549060344696045,0.06549060344696045,0.06549061089754105,1.091874599456787,1.2661525011062622,0.7717368006706238,3.875974655151367,False,0.31712405668882404,0.21325043859561413,0.2903752052817054,1.282251494846569,1.9592280534205062,2.1828887656766187
bias_medium,3.0,42,0,True,,none,57.691253662109375,6.961273118201736,89.81602478027344,16.557207107543945,2.3546764850616455,1055.284423828125,66.9375228881836,0.0634307861328125,0.0634307861328125,0.0634307935833931,1.4789915084838867,2.5617454051971436,2.4371025562286377,3.875974655151367,False,1.591203288962412,0.3342136724220851,0.08954906183491801,0.4690488659043626,1.104899789542197,1.6638832292827874
bias_medium,3.0,42,1,True,,none,66.45864868164062,5.048756115899812,112.414794921875,17.24065589904785,1.9855470657348633,1318.38818359375,79.7835693359375,0.06051599234342575,0.06051599979400635,0.06051599979400635,0.23271645605564117,0.820324182510376,2.301293134689331,3.875974655151367,False,1.1501111584736752,0.4386400680891848,0.08765587723097074,0.3662594270014419,0.983330643956469,1.6847194423733411
bias_medium,3.0,42,2,True,,none,58.8597412109375,4.028474315908351,99.20922088623047,20.534284591674805,2.521021604537964,769.6173706054688,50.402706146240234,0.06549060344696045,0.06549060344696045,0.06549061089754105,1.091874599456787,1.2661525011062622,0.7717368006706238,3.875974655151367,False,0.9513722060617835,0.34223661403474037,0.12296421488816676,0.6593911431838622,1.338997818871784,1.758964316708319
