degradation,method,N_samples,ADE_mean,ADE_std,ADE_median,ADE_min,ADE_max,ADE_p25,ADE_p75,RMSE_mean,acceleration_RMS_mean,ADE_high_mean,ADE_mid_mean,ADE_low_mean,motion_usage_ratio,noisy_reversion_gap,max_update_to_x_ratio,late_update_to_x_ratio_max,nonfinite_count,win_rate_vs_Formal_E1,win_rate_vs_E2_Min_V2
gaussian_medium,noisy_input,150,1.6031113111972808,0.5177251055538272,1.5970603227615356,0.5877410769462585,2.738363742828369,1.2337125539779663,1.9554589986801147,1.6911574721336364,0.26815917909145354,1.529894339602168,1.6277823388576507,1.5699452316761018,0.0,0.0,,,0,0.42,0.34
gaussian_medium,Formal_E1,150,1.6005616080760956,0.5179881995236982,1.5747774839401245,0.5900967717170715,2.766258955001831,1.2420669794082642,1.9400396347045898,1.688094629049301,0.22524744898080826,1.5300591500794016,1.6263399267196654,1.5634611144661903,1.0,-0.0025497031211853026,,,0,1.0,0.48
gaussian_medium,E2_Min_V2_selected,150,1.6013970851898194,0.5180724156051432,1.59693843126297,0.5848279595375061,2.7340571880340576,1.2352275848388672,1.9504258632659912,1.689216010570526,0.17366674393415452,1.5311669249360154,1.6267621672153474,1.5656194335222244,1.4742923076467835,-0.0017142260074615478,,,0,0.52,1.0
gaussian_medium,E2_DPS_zeta_0.3,150,2.272738148967425,0.8059387059301417,2.25551974773407,0.39011862874031067,4.393331050872803,1.7662655115127563,2.8123753666877747,2.4068892653783163,0.26650824715693794,2.3147673879454778,2.2994422954320908,2.250109940171242,4.075996140763803,0.6696268359820048,2.2771767275028862,2.1425210996540223,0,0.19333333333333333,0.19333333333333333
gaussian_medium,E2_DPS_zeta_1.0,150,5.681339988708496,1.2761572965162942,5.707968235015869,2.626649856567383,8.728450775146484,4.827148914337158,6.648267507553101,6.264616929690043,0.7590346250931422,5.821749528975991,5.751730923652649,5.660454367001852,13.302707112984157,4.078228693803151,3.2108305084457327,2.676906752049192,0,0.0,0.0
gaussian_medium,E2_DPS_zeta_3.0,150,16.650657653808594,3.8119522854071866,17.545591354370117,9.086156845092773,24.697359085083008,13.277735710144043,19.741158485412598,18.63313028335571,2.2616050950686137,17.569127410407958,16.83969817797343,16.54312507947286,41.25027060184543,15.04754632949829,12.084697058040875,2.770679087285897,0,0.0,0.0
drift_medium,noisy_input,150,1.6027631092071533,0.5176668664384605,1.5923997163772583,0.5806368589401245,2.7358131408691406,1.2117997407913208,1.950913667678833,1.6901948249340057,0.19189098089933396,1.419295130968094,1.5471015107631683,1.732856579298197,0.0,0.0,,,0,0.48,0.24
drift_medium,Formal_E1,150,1.601696448326111,0.5168689717516896,1.583152711391449,0.5843139886856079,2.754744529724121,1.2385244369506836,1.9357143640518188,1.6889330315589905,0.18934599459171295,1.4192225456237793,1.5463106632232666,1.7306467329346857,1.0,-0.0010666608810424804,,,0,1.0,0.5
drift_medium,E2_Min_V2_selected,150,1.6018869042396546,0.5181418329596728,1.592399537563324,0.580659031867981,2.7356467247009277,1.2128314971923828,1.9508733749389648,1.6893086230754852,0.1512858511507511,1.4192092072963716,1.5471619206666947,1.7302080441352934,2.426720834239074,-0.0008762049674987793,,,0,0.5,1.0
drift_medium,E2_DPS_zeta_0.3,150,2.1838038957118986,0.8178243523992873,2.1462204456329346,0.4682452082633972,3.9762909412384033,1.6594980955123901,2.7466925382614136,2.3099554089705148,0.2261421353618304,1.539580877025922,1.9653883600234985,2.5836108122454133,15.171402504823387,0.5810407880942027,3.2226258427951113,2.825272492135378,0,0.23333333333333334,0.22666666666666666
drift_medium,E2_DPS_zeta_1.0,150,5.575215791066488,1.2695636140495634,5.62872052192688,2.4603099822998047,8.533732414245605,4.661336779594421,6.491565465927124,6.1190470616022745,0.7240651820103328,2.5166580160458882,4.815953006744385,7.1622927410658015,55.37828608080649,3.9724527009328208,3.342184530247735,2.833652599777762,0,0.0,0.0
drift_medium,E2_DPS_zeta_3.0,150,15.443532797495523,3.9053060430358992,14.882574081420898,7.917206764221191,24.39208221435547,11.773584127426147,18.374223232269287,17.227547156016033,2.191676081816355,5.360312283237775,13.153096183935801,20.686704077461894,165.59589349211276,13.840769713719686,11.671754749672038,2.4258179975612855,0,0.0,0.0
burst_medium,noisy_input,150,1.6086769795417786,0.5142396066807235,1.5890423655509949,0.6423853635787964,2.666581392288208,1.216373324394226,1.941585898399353,1.6959438860416411,0.4607862916588783,1.5251838026977167,1.634961460828781,1.5852575242519378,0.0,0.0,,,0,0.32,0.32
burst_medium,Formal_E1,150,1.6008909225463868,0.5124443594591501,1.5854077339172363,0.6466951966285706,2.6976990699768066,1.2347136735916138,1.9391714334487915,1.6862938189506531,0.36152657866477966,1.5234891997604836,1.6294432806968688,1.5732119476795197,1.0,-0.007786056995391846,,,0,1.0,0.56
burst_medium,E2_Min_V2_selected,150,1.6036932957172394,0.5174771605598335,1.596950113773346,0.6237636208534241,2.687788963317871,1.2261046171188354,1.9280049800872803,1.6906153571605682,0.27934956654906273,1.5238149464130402,1.6346678197383882,1.5721858441829681,1.45331841591587,-0.004983683824539184,,,0,0.44,1.0
burst_medium,E2_DPS_zeta_0.3,150,2.3011765658855436,0.7855914201681928,2.2667434215545654,0.6286574602127075,4.318064212799072,1.6874284744262695,2.8185195326805115,2.4399836734930673,0.3637996989985307,2.2655021872946888,2.295966450770696,2.2818158451716104,3.451919582123787,0.6924995859464009,2.259988522303357,2.249346558021723,0,0.16666666666666666,0.17333333333333334
burst_medium,E2_DPS_zeta_1.0,150,5.6067435169219975,1.3684965304032772,5.650259494781494,2.426206350326538,8.453946113586426,4.605763912200928,6.616343259811401,6.184559426307678,0.7734215929110845,5.776782463478848,5.5209878047307335,5.613347954750061,10.50826567423122,3.9980665397644044,3.4433582358674117,2.6154936371549455,0,0.0,0.0
burst_medium,E2_DPS_zeta_3.0,150,15.942526791890462,3.7166854386408508,16.052273273468018,8.365705490112305,22.327159881591797,12.609516620635986,19.039445877075195,17.864172325134277,2.2878381260236105,15.730578267477393,15.46399382909139,16.411904249191284,31.654185463229386,14.333849782943725,10.89107883108253,2.751456812287819,0,0.0,0.0
bias_medium,noisy_input,150,1.6037593579292297,0.5355437352161135,1.5587571263313293,0.6575806140899658,2.708672523498535,1.244789719581604,2.0487074851989746,1.686445642709732,0.19168528959155082,1.6298558712005615,1.5707585828644888,1.6843972589288438,0.0,0.0,,,0,0.48,0.26
bias_medium,Formal_E1,150,1.6028246402740478,0.5340671020209673,1.5533202290534973,0.6587389707565308,2.7079598903656006,1.240584135055542,2.0499520301818848,1.6854681050777436,0.18874256074428558,1.6251853704452515,1.5695374931607928,1.6844453130449568,1.0,-0.0009347176551818847,,,0,1.0,0.5
bias_medium,E2_Min_V2_selected,150,1.6031336843967439,0.5360488471496107,1.5584400296211243,0.6574054956436157,2.707846164703369,1.2439219951629639,2.047705888748169,1.685733553171158,0.1516443944349885,1.6296701431274414,1.5699864847319467,1.6841062222208296,2.6844134810483884,-0.0006256735324859619,,,0,0.5,1.0
bias_medium,E2_DPS_zeta_0.3,150,2.2721623222033185,0.7739023446686965,2.235785484313965,0.5590155720710754,4.22081184387207,1.7476829290390015,2.7419448494911194,2.414537256161372,0.2383388071755568,2.482180118560791,2.2895683254514423,2.2136460429146174,17.766278684849087,0.6684029634793599,3.500387015473747,2.7322637236402443,0,0.16,0.16
bias_medium,E2_DPS_zeta_1.0,150,5.524972766240438,1.3871085053170427,5.440176486968994,2.2015020847320557,8.925284385681152,4.624620795249939,6.395105838775635,6.0537642065684,0.7409428294499715,5.062886079152425,5.72195071947007,5.065534075101216,63.22724480739717,3.921213402748108,3.474749818923706,2.7775195401132247,0,0.0,0.0
bias_medium,E2_DPS_zeta_3.0,150,16.23751974741618,3.8282317655276077,15.962362289428711,8.004097938537598,23.363170623779297,13.228046178817749,19.47214984893799,18.16483803431193,2.2697305274009705,16.24737485249837,16.51550471896217,15.5418533824739,198.81581514998507,14.633760350545247,11.030970742394462,2.4353101544272393,0,0.0,0.0
jump_medium,noisy_input,150,1.6061491763591766,0.5317060685699669,1.5343919396400452,0.6027729511260986,2.6914000511169434,1.1884863376617432,2.02453351020813,1.70014772772789,0.3309139247238636,1.5199524744560844,1.5731984558312788,1.7705281932245602,0.0,0.0,,,0,0.42,0.22
jump_medium,Formal_E1,150,1.6032670497894288,0.5280674362562827,1.5058393478393555,0.5929216742515564,2.6775362491607666,1.2069875001907349,2.017451763153076,1.6961671125888824,0.28739965870976447,1.5199524744560844,1.573063309425893,1.7539857910438017,1.0,-0.0028821265697479247,,,0,1.0,0.54
jump_medium,E2_Min_V2_selected,150,1.603669854402542,0.5314091250677753,1.5320525765419006,0.5965956449508667,2.6815717220306396,1.1882004737854004,2.0213050842285156,1.6966176962852477,0.223236323595047,1.5179953402594517,1.573250246760638,1.7574543939395384,1.9911851341075333,-0.0024793219566345216,,,0,0.46,1.0
jump_medium,E2_DPS_zeta_0.3,150,2.2712872131665547,0.7548727409231277,2.1826146841049194,0.6715323328971863,4.024698734283447,1.8565353453159332,2.6996272206306458,2.3980607163906096,0.30195309316118557,1.694069756750475,2.4528819691875707,2.461915893762401,6.433413139939462,0.6651380344231923,2.7597824373899704,2.4719223501155985,0,0.26666666666666666,0.26
jump_medium,E2_DPS_zeta_1.0,150,5.53682516336441,1.398328491560944,5.457656145095825,1.6332546472549438,8.588357925415039,4.604658246040344,6.42754054069519,6.073987768491109,0.740714257657528,2.7251704994000887,6.7500392768694,6.246251969626456,20.29378401441244,3.930675989786784,3.8732932587210582,2.6465179363611018,0,0.013333333333333334,0.013333333333333334
jump_medium,E2_DPS_zeta_3.0,150,16.4196563911438,3.769091905366287,16.47797679901123,9.466466903686523,24.308435440063477,13.303490400314331,19.560054779052734,18.323343880971272,2.2149041787783306,6.403952456357186,20.032542436019234,18.821556560920946,63.04512216657517,14.813507223129273,9.960217374836917,3.02643505699146,0,0.0,0.0
combined_medium,noisy_input,150,1.6244128715991974,0.5230889902179792,1.6094568967819214,0.44637173414230347,2.7284648418426514,1.236559510231018,1.9669017791748047,1.7136030399799347,0.2680639010667801,1.415320994125472,1.6313931143030207,1.760657175020738,0.0,0.0,,,0,0.44,0.38
combined_medium,Formal_E1,150,1.6216817200183868,0.5208266892110944,1.6042287945747375,0.4638487696647644,2.7488720417022705,1.2386491298675537,1.9541046619415283,1.7101786577701568,0.2296832884848118,1.4150100201368332,1.6288205905163542,1.754211622657198,1.0,-0.002731151580810547,,,0,1.0,0.56
combined_medium,E2_Min_V2_selected,150,1.622810730934143,0.5233453156404038,1.609316647052765,0.44513970613479614,2.7250142097473145,1.2316111326217651,1.9624544382095337,1.7116326355934144,0.17534698523581027,1.4205160753594503,1.6299056138129944,1.7576009757591016,1.6509411773873344,-0.0016021406650543212,,,0,0.44,1.0
combined_medium,E2_DPS_zeta_0.3,150,2.3451599210500715,0.8381411307858193,2.3810386657714844,0.40040022134780884,3.934216260910034,1.7758383750915527,2.9337627291679382,2.484841192762057,0.26749333197871844,2.2744464664547532,2.3112308852216032,2.4881596125737584,4.704285812173382,0.7207470492521921,2.3467313132369876,2.320890950809171,0,0.17333333333333334,0.17333333333333334
combined_medium,E2_DPS_zeta_1.0,150,5.5999818102518715,1.2975184314030797,5.667804002761841,2.0054731369018555,9.126218795776367,4.768293499946594,6.483853101730347,6.1831571515401205,0.7349162117640178,6.319439243387293,5.469488835503869,5.80245421149514,15.085311956422608,3.9755689295132957,3.3325722330297696,2.636926333739496,0,0.013333333333333334,0.013333333333333334
combined_medium,E2_DPS_zeta_3.0,150,15.559403044382732,3.7956079874826623,15.229294300079346,7.597195625305176,24.217618942260742,12.370250463485718,18.788174152374268,17.398093624114992,2.2417292086283367,18.447671819616247,15.059134121482254,16.582129545886108,44.86752061192618,13.934990158081055,12.913028689715478,2.5504870709165277,0,0.0,0.0
