degradation,method,confidence_bin,N_frames,ADE_mean,ADE_std,ADE_median,ADE_min,ADE_max,ADE_p25,ADE_p75
gaussian_medium,noisy_input,high,246,1.5170183212655346,0.737925644783473,1.5136955976486206,0.16904406249523163,3.2566800117492676,0.9050837755203247,1.9602025747299194
gaussian_medium,noisy_input,mid,1740,1.6055008793570873,0.7407940437845517,1.5680086612701416,0.06699690222740173,3.5722880363464355,1.0509278774261475,2.104379713535309
gaussian_medium,noisy_input,low,1014,1.6198972542742653,0.7524804952789148,1.6162407994270325,0.10554774850606918,3.7036590576171875,1.066071629524231,2.122753143310547
gaussian_medium,Formal_E1,high,246,1.5169622845402577,0.7376416544377535,1.510871946811676,0.18441413342952728,3.2555105686187744,0.9012190103530884,1.9536309242248535
gaussian_medium,Formal_E1,mid,1740,1.6039541201601768,0.7392805428122712,1.5803682804107666,0.08170817047357559,3.597146511077881,1.0542064309120178,2.1024847626686096
gaussian_medium,Formal_E1,low,1014,1.6150216031488935,0.752031430614081,1.6129542589187622,0.08169866353273392,3.6375277042388916,1.05080246925354,2.1161036491394043
gaussian_medium,E2_Min_V2_selected,high,246,1.518242526890301,0.7390259607884292,1.5122487545013428,0.14194300770759583,3.2652714252471924,0.9044628143310547,1.9562878608703613
gaussian_medium,E2_Min_V2_selected,mid,1740,1.6044893806479101,0.7398010897039745,1.5725355744361877,0.08618096262216568,3.572415828704834,1.0542508661746979,2.093112051486969
gaussian_medium,E2_Min_V2_selected,low,1014,1.6162644466440352,0.7514876232584361,1.6249406337738037,0.08884132653474808,3.649184226989746,1.0489178895950317,2.127309560775757
gaussian_medium,E2_DPS_zeta_0.3,high,246,2.2234264879934185,1.1980917907877058,2.0672823190689087,0.12033592164516449,5.2702250480651855,1.2736329138278961,3.053986668586731
gaussian_medium,E2_DPS_zeta_0.3,mid,1740,2.2848059323220244,1.158167243992361,2.2001832723617554,0.05471114441752434,5.838475227355957,1.399055540561676,3.046733856201172
gaussian_medium,E2_DPS_zeta_0.3,low,1014,2.2639932713050697,1.1511691559107626,2.1944233179092407,0.09595019370317459,5.846884250640869,1.3386691212654114,3.0459684133529663
gaussian_medium,E2_DPS_zeta_1.0,high,246,5.74437655472174,3.232628083471214,5.7924675941467285,0.2897961437702179,13.479926109313965,2.999807298183441,8.217835426330566
gaussian_medium,E2_DPS_zeta_1.0,mid,1740,5.708342387182531,2.986803738938726,5.730994939804077,0.04678629711270332,13.197758674621582,3.1618428230285645,7.919521689414978
gaussian_medium,E2_DPS_zeta_1.0,low,1014,5.619711651531079,2.950704593341698,5.674939393997192,0.07185512781143188,12.537331581115723,3.159723460674286,7.815948009490967
gaussian_medium,E2_DPS_zeta_3.0,high,246,17.336589409083857,9.750285595511127,17.23181915283203,0.7566511631011963,39.794837951660156,8.24074101448059,25.238171577453613
gaussian_medium,E2_DPS_zeta_3.0,mid,1740,16.713919690855104,9.469566481143573,16.832529067993164,0.11402984708547592,38.6988639831543,9.224339485168457,24.218406200408936
gaussian_medium,E2_DPS_zeta_3.0,low,1014,16.375692101566514,9.22778183457347,16.452608108520508,0.4010314345359802,36.9521369934082,8.682207822799683,23.707168102264404
drift_medium,noisy_input,high,513,1.412876907670707,0.7152180004437391,1.322214961051941,0.1262088418006897,3.1518747806549072,0.8665683269500732,1.9200735092163086
drift_medium,noisy_input,mid,1383,1.5715967307832908,0.6949959991387831,1.5980257987976074,0.04955475777387619,3.382375717163086,1.034623622894287,2.0598835945129395
drift_medium,noisy_input,low,1104,1.7300409236113015,0.7921052005789584,1.6684041023254395,0.08376319706439972,3.7182207107543945,1.15196293592453,2.3002994060516357
drift_medium,Formal_E1,high,513,1.4128332031749145,0.7155367543735831,1.3219172954559326,0.1262088418006897,3.159703016281128,0.8684515953063965,1.9210805892944336
drift_medium,Formal_E1,mid,1383,1.5705777376712402,0.6944103404770484,1.6015558242797852,0.06115778163075447,3.409764051437378,1.0215294361114502,2.047841787338257
drift_medium,Formal_E1,low,1104,1.7284391700776052,0.7910680230214175,1.655623435974121,0.07113154977560043,3.7349724769592285,1.1596080660820007,2.2933900356292725
drift_medium,E2_Min_V2_selected,high,513,1.4122610173204488,0.7143614070677973,1.319265604019165,0.12625636160373688,3.1598260402679443,0.8680450916290283,1.9248061180114746
drift_medium,E2_Min_V2_selected,mid,1383,1.571748894120116,0.6950823382119341,1.5980077981948853,0.05830184370279312,3.382692575454712,1.029161810874939,2.0660181045532227
drift_medium,E2_Min_V2_selected,low,1104,1.7277554968655433,0.7922602945721924,1.665147304534912,0.0780339315533638,3.7013392448425293,1.142997831106186,2.2920461297035217
drift_medium,E2_DPS_zeta_0.3,high,513,1.693445894823611,1.0215684903785576,1.5567899942398071,0.049099359661340714,5.507996082305908,0.9378450512886047,2.2154877185821533
drift_medium,E2_DPS_zeta_0.3,mid,1383,2.018751946763443,1.048716783889599,1.9177322387695312,0.05451202765107155,5.60670280456543,1.20997154712677,2.7008869647979736
drift_medium,E2_DPS_zeta_0.3,low,1104,2.618423961231188,1.1578117270698391,2.563124418258667,0.07312382757663727,5.91471529006958,1.8168400526046753,3.3822442293167114
drift_medium,E2_DPS_zeta_1.0,high,513,3.4283198165992315,2.7195266698416996,2.4230294227600098,0.07389600574970245,12.1519193649292,1.4428412914276123,4.929165840148926
drift_medium,E2_DPS_zeta_1.0,mid,1383,5.362309754552052,2.8779647455133577,5.058590412139893,0.16733002662658691,12.731870651245117,3.0199239253997803,7.495555639266968
drift_medium,E2_DPS_zeta_1.0,low,1104,6.839533337634867,2.187712442559485,7.015964984893799,0.23368917405605316,11.873462677001953,5.362305760383606,8.43684720993042
drift_medium,E2_DPS_zeta_3.0,high,513,8.24345217136844,8.616044615438792,4.068136215209961,0.1262088418006897,38.974998474121094,1.7997461557388306,12.70775318145752
drift_medium,E2_DPS_zeta_3.0,mid,1383,14.608243196857899,8.312842166462158,13.679088592529297,0.3078364431858063,39.189491271972656,7.859350681304932,19.710494995117188
drift_medium,E2_DPS_zeta_3.0,low,1104,19.835604273970578,6.778490683342949,19.134453773498535,3.9827988147735596,35.716121673583984,14.97403359413147,25.44017744064331
burst_medium,noisy_input,high,261,1.4461122555979367,0.6763196698585963,1.4073113203048706,0.15582042932510376,3.270265817642212,0.8989896178245544,1.8749871253967285
burst_medium,noisy_input,mid,1635,1.6310909932222935,0.7516953368987854,1.6195865869522095,0.07806099951267242,3.4404478073120117,1.0903276205062866,2.1352694034576416
burst_medium,noisy_input,low,1104,1.61391477647197,0.7382931822772838,1.5918693542480469,0.1290203481912613,3.6853976249694824,1.0387008488178253,2.08180832862854
burst_medium,Formal_E1,high,261,1.4439225272200573,0.674309592651791,1.4034191370010376,0.1433907151222229,3.270261764526367,0.9006522297859192,1.8717595338821411
burst_medium,Formal_E1,mid,1635,1.6252784846846118,0.7437652241791488,1.6092220544815063,0.09842012077569962,3.40769624710083,1.090850591659546,2.1342878341674805
burst_medium,Formal_E1,low,1104,1.6018828425313467,0.7332359544552048,1.6058111786842346,0.0976141095161438,3.6737780570983887,1.0327359437942505,2.0917187333106995
burst_medium,E2_Min_V2_selected,high,261,1.444528810936829,0.6755483407240683,1.404827356338501,0.127677321434021,3.2627975940704346,0.9081625938415527,1.8685457706451416
burst_medium,E2_Min_V2_selected,mid,1635,1.6306334762056487,0.7512341278246112,1.6220932006835938,0.05717485025525093,3.4427947998046875,1.0904773473739624,2.131009817123413
burst_medium,E2_Min_V2_selected,low,1104,1.6014240332777896,0.7393838170027236,1.5927139520645142,0.06222737953066826,3.676752805709839,1.0373276770114899,2.1002888679504395
burst_medium,E2_DPS_zeta_0.3,high,261,2.144334147830576,1.129704139933932,2.0422465801239014,0.3315228819847107,5.399410724639893,1.1804909706115723,2.987668991088867
burst_medium,E2_DPS_zeta_0.3,mid,1635,2.3152714075344054,1.1926024008494982,2.226787805557251,0.0699475109577179,5.925017833709717,1.3848814368247986,3.0624583959579468
burst_medium,E2_DPS_zeta_0.3,low,1104,2.3173820689199087,1.1067678787815083,2.274434447288513,0.12114544957876205,6.057933330535889,1.4638627469539642,2.9777832627296448
burst_medium,E2_DPS_zeta_1.0,high,261,5.741808682851408,3.2470833011325206,5.748263359069824,0.22264647483825684,12.425740242004395,3.0395290851593018,8.407191276550293
burst_medium,E2_DPS_zeta_1.0,mid,1635,5.567749613238675,3.181504062760221,5.431107521057129,0.04431202635169029,13.018339157104492,2.76963210105896,8.033172607421875
burst_medium,E2_DPS_zeta_1.0,low,1104,5.632561346988423,2.7030634529914366,5.606010437011719,0.1404186189174652,12.951849937438965,3.661833703517914,7.5440744161605835
burst_medium,E2_DPS_zeta_3.0,high,261,15.861318681660283,9.310886467695951,16.940109252929688,0.46403712034225464,35.673622131347656,7.065491676330566,23.072294235229492
burst_medium,E2_DPS_zeta_3.0,mid,1635,15.59730295224474,9.461435616969323,15.708285331726074,0.11410503089427948,36.612796783447266,7.439461946487427,22.64406394958496
burst_medium,E2_DPS_zeta_3.0,low,1104,16.472994281842873,8.459688126590866,16.204111099243164,0.1404186189174652,35.37938690185547,10.206138610839844,22.59942054748535
bias_medium,noisy_input,high,60,1.6298559486865998,0.19459400351006625,1.6329357028007507,1.3056391477584839,2.025865316390991,1.4736794531345367,1.7417068183422089
bias_medium,noisy_input,mid,2100,1.5707585654194867,0.7819581134537199,1.4972427487373352,0.10946207493543625,3.7970964908599854,0.9675116986036301,2.094261586666107
bias_medium,noisy_input,low,840,1.6843972412603243,0.6711706885939883,1.7589003443717957,0.31363800168037415,3.196364402770996,1.0813538432121277,2.2405574321746826
bias_medium,Formal_E1,high,60,1.6251853108406067,0.19758401571622516,1.624088704586029,1.3026585578918457,2.0301661491394043,1.467673271894455,1.7399254441261292
bias_medium,Formal_E1,mid,2100,1.56953749046794,0.782271727495723,1.4948592782020569,0.10946207493543625,3.8130545616149902,0.9697747975587845,2.090484082698822
bias_medium,Formal_E1,low,840,1.6844453328422138,0.6659692100494801,1.74894118309021,0.3075314164161682,3.1765193939208984,1.0869942009449005,2.2332478761672974
bias_medium,E2_Min_V2_selected,high,60,1.6296702027320862,0.194360510441222,1.6273200511932373,1.3203551769256592,2.041274309158325,1.4842389225959778,1.7398626804351807
bias_medium,E2_Min_V2_selected,mid,2100,1.5699864930233784,0.7820160860885876,1.5014766454696655,0.10639984160661697,3.7787692546844482,0.9683713763952255,2.094473659992218
bias_medium,E2_Min_V2_selected,low,840,1.6841061859258584,0.6700177668636699,1.7684749364852905,0.3188384473323822,3.176107883453369,1.082639902830124,2.2412591576576233
bias_medium,E2_DPS_zeta_0.3,high,60,2.482180067896843,0.8910964713375265,2.5222495794296265,0.4562438130378723,4.503731727600098,1.9153191149234772,3.101217031478882
bias_medium,E2_DPS_zeta_0.3,mid,2100,2.289568331649616,1.1636915303456743,2.2157318592071533,0.0734194815158844,6.21531867980957,1.4513355493545532,2.9407392740249634
bias_medium,E2_DPS_zeta_0.3,low,840,2.2136460525737633,1.1224805910355187,2.1692742109298706,0.10496009141206741,4.890129566192627,1.2304999828338623,2.9999592900276184
bias_medium,E2_DPS_zeta_1.0,high,60,5.062886041402817,1.7480682687295004,5.769397020339966,1.5732297897338867,7.900827884674072,3.5652145743370056,6.4457913637161255
bias_medium,E2_DPS_zeta_1.0,mid,2100,5.721950693417873,2.9774541987190624,5.724196672439575,0.10946207493543625,13.696274757385254,3.259136915206909,7.945683002471924
bias_medium,E2_DPS_zeta_1.0,low,840,5.06553408347425,2.7470647063127522,4.926803112030029,0.4225814640522003,13.32480525970459,2.774074137210846,7.110331296920776
bias_medium,E2_DPS_zeta_3.0,high,60,16.247375077009202,8.78707943725017,17.116701126098633,1.8246455192565918,35.395362854003906,9.256403923034668,19.998615264892578
bias_medium,E2_DPS_zeta_3.0,mid,2100,16.515504848676777,9.467692819077861,16.49652099609375,0.10946207493543625,37.745670318603516,8.936763286590576,23.238123416900635
bias_medium,E2_DPS_zeta_3.0,low,840,15.541853179534277,8.660933626411813,15.766901016235352,0.5254555344581604,32.47090530395508,8.201549768447876,22.780484199523926
jump_medium,noisy_input,high,753,1.5301650736436425,0.6058216635639914,1.5567899942398071,0.1262088418006897,3.082285165786743,0.9930190443992615,2.0185351371765137
jump_medium,noisy_input,mid,1287,1.5713138788209096,0.8256332785789913,1.4738848209381104,0.09726355969905853,3.443779230117798,0.9639649391174316,2.199798107147217
jump_medium,noisy_input,low,960,1.7124503163387998,0.801039475356382,1.4864372611045837,0.08924581855535507,3.9447100162506104,1.140998125076294,2.3545015454292297
jump_medium,Formal_E1,high,753,1.5301650736436425,0.6058216635639914,1.5567899942398071,0.1262088418006897,3.082285165786743,0.9930190443992615,2.0185351371765137
jump_medium,Formal_E1,mid,1287,1.570763495297004,0.8259940057687577,1.4726170301437378,0.09991730749607086,3.431529998779297,0.9460374116897583,2.1685259342193604
jump_medium,Formal_E1,low,960,1.704181466368027,0.7831204726329739,1.4973329305648804,0.09446632117033005,3.95147967338562,1.1231665015220642,2.3269585371017456
jump_medium,E2_Min_V2_selected,high,753,1.52896232160914,0.6055242374877854,1.5638775825500488,0.12658867239952087,3.0655078887939453,0.9900345206260681,2.0135068893432617
jump_medium,E2_Min_V2_selected,mid,1287,1.571223217116925,0.8252662963781521,1.4769072532653809,0.08717336505651474,3.49967360496521,0.9488376379013062,2.182255268096924
jump_medium,E2_Min_V2_selected,low,960,1.7057672983966767,0.7931342725086048,1.4864251613616943,0.09151649475097656,3.946648120880127,1.1256140768527985,2.346789598464966
jump_medium,E2_DPS_zeta_0.3,high,753,1.823053618074255,0.8923374407494442,1.8090635538101196,0.1262088418006897,4.9213762283325195,1.1351902484893799,2.3312230110168457
jump_medium,E2_DPS_zeta_0.3,mid,1287,2.4580684820162575,1.0454962915151178,2.3655221462249756,0.12659884989261627,5.7499284744262695,1.7846709489822388,3.0545895099639893
jump_medium,E2_DPS_zeta_0.3,low,960,2.3724667727093522,1.2352788928591107,2.2672187089920044,0.11597013473510742,5.8011579513549805,1.379598468542099,3.170184910297394
jump_medium,E2_DPS_zeta_1.0,high,753,3.4548234355699017,2.370732833052569,2.7713992595672607,0.10864820331335068,10.748407363891602,1.5567899942398071,5.045891761779785
jump_medium,E2_DPS_zeta_1.0,mid,1287,6.506488495414444,2.7649374107055995,6.665263652801514,0.1909456104040146,13.031537055969238,4.526510953903198,8.545630931854248
jump_medium,E2_DPS_zeta_1.0,low,960,5.869940335551898,2.7066052827541855,5.855599641799927,0.5034503936767578,12.167316436767578,3.7073934078216553,8.085086584091187
jump_medium,E2_DPS_zeta_3.0,high,753,8.66606730620462,7.006026287506993,7.013210296630859,0.1262088418006897,36.87865447998047,3.006272554397583,12.646677017211914
jump_medium,E2_DPS_zeta_3.0,mid,1287,19.274493482030447,8.30681141530501,19.071874618530273,0.3161397874355316,38.61399841308594,13.600287914276123,25.679548263549805
jump_medium,E2_DPS_zeta_3.0,low,960,18.674111865274607,8.351844812447844,19.009379386901855,0.6682738065719604,37.8028678894043,12.607417345046997,25.153005599975586
combined_medium,noisy_input,high,192,1.4505619255360216,0.6757968803417126,1.5122137069702148,0.08105287700891495,2.8858819007873535,0.9274663329124451,1.822525143623352
combined_medium,noisy_input,mid,1818,1.5657752005401815,0.7363417806203101,1.548646092414856,0.032825857400894165,3.4312288761138916,1.0330709218978882,2.089247941970825
combined_medium,noisy_input,low,990,1.765809563253865,0.7666521716774125,1.7713366150856018,0.11622180044651031,3.4953112602233887,1.1960628032684326,2.2603251934051514
combined_medium,Formal_E1,high,192,1.451184940407984,0.6745027857863756,1.4962045550346375,0.08105287700891495,2.8841865062713623,0.9251193553209305,1.8292619585990906
combined_medium,Formal_E1,mid,1818,1.5638985016595315,0.7365871612698753,1.5555689930915833,0.02628852054476738,3.4331557750701904,1.027390956878662,2.082716941833496
combined_medium,Formal_E1,low,990,1.7608588271294578,0.7576039470895136,1.7673306465148926,0.12295527011156082,3.412302017211914,1.2014151811599731,2.248074531555176
combined_medium,E2_Min_V2_selected,high,192,1.4539492833428085,0.6751780789757819,1.5027175545692444,0.07652559876441956,2.875955104827881,0.9265641421079636,1.8243158161640167
combined_medium,E2_Min_V2_selected,mid,1818,1.5640564194915774,0.7366166308633646,1.5607959628105164,0.006947579327970743,3.405228614807129,1.0152359008789062,2.0921733379364014
combined_medium,E2_Min_V2_selected,low,990,1.7634538228990453,0.7637045897438841,1.7682422995567322,0.11191888898611069,3.433751344680786,1.180806279182434,2.2717390060424805
combined_medium,E2_DPS_zeta_0.3,high,192,2.273688520072028,1.2091079022075744,2.1074634790420532,0.08105287700891495,5.12916374206543,1.4495446681976318,2.9843815565109253
combined_medium,E2_DPS_zeta_0.3,mid,1818,2.3505911211523136,1.141874630177177,2.2763047218322754,0.01911051943898201,5.723554611206055,1.4703551530838013,3.119423031806946
combined_medium,E2_DPS_zeta_0.3,low,990,2.3490473280670217,1.313721583852795,2.225138306617737,0.029130244627594948,5.695873260498047,1.3142483532428741,3.0952945947647095
combined_medium,E2_DPS_zeta_1.0,high,192,6.1679200552947195,3.4070270668527094,6.23341178894043,0.08105287700891495,12.941128730773926,3.7316548228263855,8.949429988861084
combined_medium,E2_DPS_zeta_1.0,mid,1818,5.637838757159424,2.9761650988410024,5.729695558547974,0.09662007540464401,12.965368270874023,3.1285635828971863,7.946941494941711
combined_medium,E2_DPS_zeta_1.0,low,990,5.420317177617489,2.8975200618028545,5.28936243057251,0.08106505870819092,12.334830284118652,2.938200294971466,7.754635453224182
combined_medium,E2_DPS_zeta_3.0,high,192,17.00658102624584,10.020794106622786,17.7608699798584,0.08105287700891495,36.213775634765625,10.105972290039062,24.942298412322998
combined_medium,E2_DPS_zeta_3.0,mid,1818,15.619264508565792,8.904307157707612,15.64647912979126,0.20626765489578247,38.26042938232422,8.456291198730469,21.680559158325195
combined_medium,E2_DPS_zeta_3.0,low,990,15.168811299268043,8.641248357968422,14.967370510101318,0.1612449586391449,36.76323318481445,8.146432161331177,21.028982639312744
