condition,seed,zeta,N,ADE,RMSE,acceleration_RMS,high_conf_ADE,mid_conf_ADE,low_conf_ADE,E3_fused_ADE,E3_fused_acceleration_RMS,E3_fused_high_conf_ADE,E3_fused_mid_conf_ADE,E3_fused_low_conf_ADE,win_rate_vs_E3_fused,ADE_delta_vs_E3_fused,ADE_ratio_vs_E3_fused,high_conf_delta_vs_E3_fused,high_conf_ratio_vs_E3_fused,acceleration_ratio_vs_E3_fused,likelihood_norm_before_DPS,likelihood_norm_after_DPS,likelihood_delta_after_minus_before,likelihood_decreased,update_to_x_ratio,finite,nan_inf_cases
gaussian_medium,42,0.3,1000,0.9138773083686829,1.0295268297195435,0.2901206612586975,0.8897184729576111,0.9194368124008179,0.9110062122344971,0.06141731142997742,0.27954360842704773,0.013773074373602867,0.04587410017848015,0.09514060616493225,0.0,0.8524600267410278,14.879799842834473,0.8759453985840082,64.59839312730521,1.0378369092941284,0.3115575313568115,73.13017272949219,72.81861877441406,False,3.7213807106018066,True,0
gaussian_medium,43,0.3,1000,0.9386628270149231,1.057886004447937,0.2892099618911743,0.9437722563743591,0.9484120607376099,0.9230372905731201,0.06141731142997742,0.27954360842704773,0.013773074373602867,0.04587410017848015,0.09514060616493225,0.0,0.8772455453872681,15.28335952758789,0.9299991820007563,68.52299136517912,1.0345790386199951,0.3115575313568115,75.20743560791016,74.89588165283203,False,3.7346205711364746,True,0
gaussian_medium,44,0.3,1000,0.916961133480072,1.0332012176513672,0.290033757686615,0.9236342310905457,0.9200809597969055,0.9108368158340454,0.06141731142997742,0.27954360842704773,0.013773074373602867,0.04587410017848015,0.09514060616493225,0.0,0.855543851852417,14.930010795593262,0.9098611567169428,67.06086136155339,1.03752601146698,0.3115575313568115,73.43588256835938,73.12432861328125,False,4.0946197509765625,True,0
gaussian_medium,42,1.0,1000,2.8846328258514404,3.2541205883026123,0.3677598834037781,2.8049871921539307,2.9073822498321533,2.8685972690582275,0.06141731142997742,0.27954360842704773,0.013773074373602867,0.04587410017848015,0.09514060616493225,0.0,2.8232154846191406,46.96774673461914,2.791214117780328,203.65730381372947,1.3155725002288818,0.3115575313568115,231.5721435546875,231.26058959960938,False,12.404603004455566,True,0
gaussian_medium,43,1.0,1000,2.9786155223846436,3.3634541034698486,0.3695235550403595,2.9888007640838623,3.00905442237854,2.93111515045166,0.06141731142997742,0.27954360842704773,0.013773074373602867,0.04587410017848015,0.09514060616493225,0.0,2.9171981811523438,48.49797821044922,2.9750276897102594,217.0031674127981,1.321881651878357,0.3115575313568115,239.48284912109375,239.17129516601562,False,12.448734283447266,True,0
gaussian_medium,44,1.0,1000,2.9377694129943848,3.3159589767456055,0.36902081966400146,2.917029619216919,2.958542585372925,2.9115307331085205,0.06141731142997742,0.27954360842704773,0.013773074373602867,0.04587410017848015,0.09514060616493225,0.0,2.876352071762085,47.83292007446289,2.903256544843316,211.79219251205276,1.3200831413269043,0.3115575313568115,236.07400512695312,235.762451171875,False,13.139710426330566,True,0
gaussian_medium,42,3.0,1000,9.130471229553223,10.29601764678955,0.6170464158058167,8.933218955993652,9.199310302734375,9.072189331054688,0.06141731142997742,0.27954360842704773,0.013773074373602867,0.04587410017848015,0.09514060616493225,0.0,9.069053649902344,148.66282653808594,8.91944588162005,648.6002118099964,2.2073349952697754,0.3115575313568115,732.9415283203125,732.6299438476562,False,37.21380615234375,True,0
gaussian_medium,43,3.0,1000,9.465348243713379,10.681349754333496,0.6096235513687134,9.511007308959961,9.566652297973633,9.304640769958496,0.06141731142997742,0.27954360842704773,0.013773074373602867,0.04587410017848015,0.09514060616493225,0.0,9.4039306640625,154.1153106689453,9.497234234586358,690.5507841581485,2.180781602859497,0.3115575313568115,760.7261352539062,760.41455078125,False,37.3462028503418,True,0
gaussian_medium,44,3.0,1000,9.2880277633667,10.47799015045166,0.6231480836868286,9.276634216308594,9.34565258026123,9.204947471618652,0.06141731142997742,0.27954360842704773,0.013773074373602867,0.04587410017848015,0.09514060616493225,0.0,9.22661018371582,151.22817993164062,9.26286114193499,673.5340247699497,2.2291624546051025,0.3115575313568115,746.1480102539062,745.83642578125,False,39.41912841796875,True,0
drift_medium,42,0.3,1000,0.9479013681411743,1.0721540451049805,0.2291848063468933,0.4326472580432892,0.9054526686668396,1.187086582183838,0.03514675050973892,0.2072746306657791,0.00482790544629097,0.024494698271155357,0.058740872889757156,0.0,0.9127545952796936,26.969816207885742,0.4278193525969982,89.61386316620383,1.105705976486206,0.2692013382911682,74.66276550292969,74.39356231689453,False,7.680157661437988,True,0
drift_medium,43,0.3,1000,0.9331480860710144,1.0556975603103638,0.22871829569339752,0.4167692959308624,0.898917019367218,1.1631531715393066,0.03514675050973892,0.2072746306657791,0.00482790544629097,0.024494698271155357,0.058740872889757156,0.0,0.8980013132095337,26.550052642822266,0.41194139048457146,86.3250742101929,1.1034553050994873,0.2692013382911682,73.48322296142578,73.21401977539062,False,7.355962753295898,True,0
drift_medium,44,0.3,1000,0.8946487903594971,1.0122318267822266,0.23008720576763153,0.39748415350914,0.8418615460395813,1.1392465829849243,0.03514675050973892,0.2072746306657791,0.00482790544629097,0.024494698271155357,0.058740872889757156,0.0,0.8595020174980164,25.454666137695312,0.39265624806284904,82.33055885850179,1.1100596189498901,0.2692013382911682,70.37792205810547,70.10871887207031,False,8.039677619934082,True,0
drift_medium,42,1.0,1000,3.0469722747802734,3.448507308959961,0.3225460350513458,1.390377402305603,2.908582925796509,3.8182098865509033,0.03514675050973892,0.2072746306657791,0.00482790544629097,0.024494698271155357,0.058740872889757156,0.0,3.0118255615234375,86.69285583496094,1.385549496859312,287.98770352343126,1.5561288595199585,0.2692013382911682,239.69105529785156,239.42185974121094,False,25.60052490234375,True,0
drift_medium,43,1.0,1000,2.985790252685547,3.382567882537842,0.32429754734039307,1.3274235725402832,2.860217809677124,3.7427167892456055,0.03514675050973892,0.2072746306657791,0.00482790544629097,0.024494698271155357,0.058740872889757156,0.0,2.950643539428711,84.95210266113281,1.3225956670939922,274.9481296407895,1.5645790100097656,0.2692013382911682,234.93841552734375,234.66921997070312,False,24.519874572753906,True,0
drift_medium,44,1.0,1000,2.8816099166870117,3.2635385990142822,0.3268229365348816,1.2789671421051025,2.711801052093506,3.669672966003418,0.03514675050973892,0.2072746306657791,0.00482790544629097,0.024494698271155357,0.058740872889757156,0.0,2.846463203430176,81.98794555664062,1.2741392366588116,264.91138990463594,1.5767627954483032,0.2692013382911682,226.52276611328125,226.25357055664062,False,26.79892349243164,True,0
drift_medium,42,3.0,1000,9.481090545654297,10.704939842224121,0.5576754212379456,4.339215278625488,9.045903205871582,11.881508827209473,0.03514675050973892,0.2072746306657791,0.00482790544629097,0.024494698271155357,0.058740872889757156,0.0,9.445943832397461,269.7572326660156,4.334387373179197,898.7780160357289,2.69051456451416,0.2692013382911682,743.5145263671875,743.2453002929688,False,76.80157470703125,True,0
drift_medium,43,3.0,1000,9.300872802734375,10.507829666137695,0.5561904311180115,4.153835773468018,8.892909049987793,11.671408653259277,0.03514675050973892,0.2072746306657791,0.00482790544629097,0.024494698271155357,0.058740872889757156,0.0,9.265726089477539,264.6296691894531,4.149007868021727,860.3805148377946,2.6833503246307373,0.2692013382911682,729.3196411132812,729.0504150390625,False,73.55962371826172,True,0
drift_medium,44,3.0,1000,9.0405855178833,10.212793350219727,0.5605199933052063,4.036164283752441,8.49952220916748,11.51402759552002,0.03514675050973892,0.2072746306657791,0.00482790544629097,0.024494698271155357,0.058740872889757156,0.0,9.005438804626465,257.22393798828125,4.03133637830615,836.0073180085202,2.704238176345825,0.2692013382911682,708.3932495117188,708.1240234375,False,80.39677429199219,True,0
burst_medium,42,0.3,1000,0.9956119060516357,1.1254594326019287,0.4299555718898773,1.019328236579895,0.9808274507522583,1.0090794563293457,0.07149259746074677,0.4418436288833618,0.0033015089575201273,0.011382248252630234,0.16609646379947662,0.0,0.9241192936897278,13.9260835647583,1.016026727622375,308.74616719063704,0.9730944037437439,0.635937511920929,79.08847045898438,78.45252990722656,False,2.771627902984619,True,0
burst_medium,43,0.3,1000,0.9965397119522095,1.1268538236618042,0.429630845785141,1.019226312637329,0.979928195476532,1.0126307010650635,0.07149259746074677,0.4418436288833618,0.0033015089575201273,0.011382248252630234,0.16609646379947662,0.0,0.9250470995903015,13.939061164855957,1.015924803679809,308.71529526392794,0.9723594784736633,0.635937511920929,79.08332824707031,78.4473876953125,False,3.0655922889709473,True,0
burst_medium,44,0.3,1000,0.9692978858947754,1.0958647727966309,0.43009814620018005,0.9656485915184021,0.951869010925293,0.9928256273269653,0.07149259746074677,0.4418436288833618,0.0033015089575201273,0.011382248252630234,0.16609646379947662,0.0,0.8978052735328674,13.55801773071289,0.962347082560882,292.4870427259821,0.9734171032905579,0.635937511920929,76.91144561767578,76.27550506591797,False,4.236581802368164,True,0
burst_medium,42,1.0,1000,3.0693650245666504,3.4705400466918945,0.49944525957107544,3.179598569869995,3.0536904335021973,3.063047409057617,0.07149259746074677,0.4418436288833618,0.0033015089575201273,0.011382248252630234,0.16609646379947662,0.0,2.9978723526000977,42.9326286315918,3.176297060912475,963.0743429084308,1.130366563796997,0.635937511920929,245.65919494628906,245.02325439453125,False,9.23875904083252,True,0
burst_medium,43,1.0,1000,3.0872206687927246,3.4922783374786377,0.4978977143764496,3.1806092262268066,3.058377265930176,3.1020891666412354,0.07149259746074677,0.4418436288833618,0.0033015089575201273,0.011382248252630234,0.16609646379947662,0.0,3.015727996826172,43.18238067626953,3.1773077172692865,963.3804624343251,1.1268640756607056,0.635937511920929,246.96388244628906,246.32794189453125,False,10.218640327453613,True,0
burst_medium,44,1.0,1000,2.987379789352417,3.3791890144348145,0.49868956208229065,3.011667490005493,2.9550745487213135,3.0234737396240234,0.07149259746074677,0.4418436288833618,0.0033015089575201273,0.011382248252630234,0.16609646379947662,0.0,2.9158871173858643,41.78586196899414,3.008365981047973,912.2093953873917,1.128656268119812,0.635937511920929,238.93186950683594,238.29592895507812,False,13.268162727355957,True,0
burst_medium,42,3.0,1000,9.42766284942627,10.63705825805664,0.7055224776268005,9.746588706970215,9.37923526763916,9.413383483886719,0.07149259746074677,0.4418436288833618,0.0033015089575201273,0.011382248252630234,0.16609646379947662,0.0,9.356170654296875,131.86907958984375,9.743287198012695,2952.1618242984264,1.5967695713043213,0.635937511920929,753.211669921875,752.5757446289062,False,27.716276168823242,True,0
burst_medium,43,3.0,1000,9.476030349731445,10.697617530822754,0.6964725255966187,9.788262367248535,9.402029991149902,9.496594429016113,0.07149259746074677,0.4418436288833618,0.0033015089575201273,0.011382248252630234,0.16609646379947662,0.0,9.40453815460205,132.5456085205078,9.784960858291015,2964.784434388094,1.5762873888015747,0.635937511920929,757.0964965820312,756.4605712890625,False,30.655920028686523,True,0
burst_medium,44,3.0,1000,9.171213150024414,10.34900951385498,0.7048699855804443,9.24679946899414,9.080866813659668,9.270297050476074,0.07149259746074677,0.4418436288833618,0.0033015089575201273,0.011382248252630234,0.16609646379947662,0.0,9.09972095489502,128.28199768066406,9.24349796003662,2800.7797610035013,1.5952928066253662,0.635937511920929,732.15380859375,731.5178833007812,False,39.804481506347656,True,0
bias_medium,42,0.3,1000,0.9441217184066772,1.0516425371170044,0.22995196282863617,1.0433448553085327,0.948842465877533,0.9160163402557373,0.18705998361110687,0.20567038655281067,0.04062176123261452,0.13735774159431458,0.2899780571460724,0.018,0.7570617198944092,5.0471601486206055,1.0027230940759182,25.684382548899652,1.11806058883667,0.19650842249393463,73.8156509399414,73.619140625,False,8.579856872558594,True,0
bias_medium,43,0.3,1000,0.9381462335586548,1.0451310873031616,0.2299213856458664,0.8981565833091736,0.980316698551178,0.8861111998558044,0.18705998361110687,0.20567038655281067,0.04062176123261452,0.13735774159431458,0.2899780571460724,0.019,0.7510862350463867,5.015215873718262,0.8575348220765591,22.11023244821938,1.1179119348526,0.19650842249393463,73.32159423828125,73.12508392333984,False,8.508782386779785,True,0
bias_medium,44,0.3,1000,0.8928248286247253,0.993698239326477,0.23101776838302612,0.9422804713249207,0.9129206538200378,0.8533080220222473,0.18705998361110687,0.20567038655281067,0.04062176123261452,0.13735774159431458,0.2899780571460724,0.017,0.7057648301124573,4.772933483123779,0.9016587100923061,23.19644551916621,1.123242735862732,0.19650842249393463,69.56001281738281,69.3635025024414,False,9.048129081726074,True,0
bias_medium,42,1.0,1000,3.0094387531280518,3.4032373428344727,0.3287637531757355,3.4714927673339844,3.0590779781341553,2.838799476623535,0.18705998361110687,0.20567038655281067,0.04062176123261452,0.13735774159431458,0.2899780571460724,0.0,2.8223788738250732,16.08809471130371,3.43087100610137,85.45894274389025,1.5984982252120972,0.19650842249393463,241.94815063476562,241.75164794921875,False,28.599525451660156,True,0
bias_medium,43,1.0,1000,2.9729418754577637,3.3657963275909424,0.33165115118026733,2.965524435043335,3.1666314601898193,2.6960740089416504,0.18705998361110687,0.20567038655281067,0.04062176123261452,0.13735774159431458,0.2899780571460724,0.0,2.785881996154785,15.892987251281738,2.9249026738107204,73.00334463741484,1.6125372648239136,0.19650842249393463,239.566162109375,239.36965942382812,False,28.36260986328125,True,0
bias_medium,44,1.0,1000,2.851649522781372,3.2266225814819336,0.3365446925163269,3.1655306816101074,2.9547336101531982,2.636009693145752,0.18705998361110687,0.20567038655281067,0.04062176123261452,0.13735774159431458,0.2899780571460724,0.0,2.6645896434783936,15.244572639465332,3.124908920377493,77.92696785063463,1.6363303661346436,0.19650842249393463,229.56494140625,229.36843872070312,False,30.160432815551758,True,0
bias_medium,42,3.0,1000,9.34891128540039,10.578831672668457,0.5775635838508606,10.885562896728516,9.491904258728027,8.813178062438965,0.18705998361110687,0.20567038655281067,0.04062176123261452,0.13735774159431458,0.2899780571460724,0.0,9.161850929260254,49.978145599365234,10.844941135495901,267.9736812590165,2.8082001209259033,0.19650842249393463,752.8626098632812,752.6660766601562,False,85.79857635498047,True,0
bias_medium,43,3.0,1000,9.282896041870117,10.513131141662598,0.5820431709289551,9.306532859802246,9.890252113342285,8.404643058776855,0.18705998361110687,0.20567038655281067,0.04062176123261452,0.13735774159431458,0.2899780571460724,0.0,9.09583568572998,49.62523651123047,9.265911098569632,229.10215060616795,2.8299803733825684,0.19650842249393463,748.9119873046875,748.7154541015625,False,85.08782196044922,True,0
bias_medium,44,3.0,1000,8.968613624572754,10.1533784866333,0.592245876789093,9.964329719543457,9.291860580444336,8.289956092834473,0.18705998361110687,0.20567038655281067,0.04062176123261452,0.13735774159431458,0.2899780571460724,0.0,8.781553268432617,47.94512176513672,9.923707958310843,245.2953642872399,2.879587411880493,0.19650842249393463,723.3434448242188,723.1469116210938,False,90.48128509521484,True,0
jump_medium,42,0.3,1000,1.053531289100647,1.185571312904358,0.34874725341796875,0.46510064601898193,1.2803452014923096,1.2304878234863281,0.2578508257865906,0.35251474380493164,0.0,0.27689164876937866,0.42403990030288696,0.025,0.7956804633140564,4.085816860198975,0.46510064601898193,,0.9893125295639038,0.43521007895469666,83.97712707519531,83.54191589355469,False,3.535233497619629,True,0
jump_medium,43,0.3,1000,1.034779667854309,1.1641913652420044,0.34766528010368347,0.48749449849128723,1.2432364225387573,1.202117919921875,0.2578508257865906,0.35251474380493164,0.0,0.27689164876937866,0.42403990030288696,0.024,0.7769288420677185,4.013094425201416,0.48749449849128723,,0.9862432479858398,0.43521007895469666,82.67649841308594,82.24128723144531,False,3.8089966773986816,True,0
jump_medium,44,0.3,1000,1.0296880006790161,1.157987117767334,0.34854987263679504,0.46493032574653625,1.2527021169662476,1.1936500072479248,0.2578508257865906,0.35251474380493164,0.0,0.27689164876937866,0.42403990030288696,0.017,0.7718371748924255,3.993347644805908,0.46493032574653625,,0.9887526035308838,0.43521007895469666,82.15232849121094,81.71711730957031,False,3.2723491191864014,True,0
jump_medium,42,1.0,1000,3.3309998512268066,3.7472689151763916,0.4269052743911743,1.497765064239502,4.037375450134277,3.882582426071167,0.2578508257865906,0.35251474380493164,0.0,0.27689164876937866,0.42403990030288696,0.0,3.0731489658355713,12.91832160949707,1.497765064239502,,1.2110280990600586,0.43521007895469666,267.01220703125,266.5769958496094,False,11.006967544555664,True,0
jump_medium,43,1.0,1000,3.255187511444092,3.661120891571045,0.4218612611293793,1.5535452365875244,3.9230360984802246,3.753741502761841,0.2578508257865906,0.35251474380493164,0.0,0.27689164876937866,0.42403990030288696,0.0,2.9973366260528564,12.62430477142334,1.5535452365875244,,1.1967195272445679,0.43521007895469666,261.41448974609375,260.9792785644531,False,11.971330642700195,True,0
jump_medium,44,1.0,1000,3.296160936355591,3.7077720165252686,0.42726561427116394,1.4887797832489014,4.003041744232178,3.828416585922241,0.2578508257865906,0.35251474380493164,0.0,0.27689164876937866,0.42403990030288696,0.0,3.0383100509643555,12.783208847045898,1.4887797832489014,,1.2120503187179565,0.43521007895469666,264.2876892089844,263.85247802734375,False,10.882043838500977,True,0
jump_medium,42,3.0,1000,10.252076148986816,11.522408485412598,0.6454344987869263,4.620451927185059,12.420757293701172,11.94792366027832,0.2578508257865906,0.35251474380493164,0.0,0.27689164876937866,0.42403990030288696,0.0,9.99422550201416,39.75971984863281,4.620451927185059,,1.83094322681427,0.43521007895469666,817.6691284179688,817.2339477539062,False,33.020904541015625,True,0
jump_medium,43,3.0,1000,10.049482345581055,11.294432640075684,0.6395353078842163,4.789504528045654,12.09853458404541,11.607504844665527,0.2578508257865906,0.35251474380493164,0.0,0.27689164876937866,0.42403990030288696,0.0,9.791631698608398,38.97401809692383,4.789504528045654,,1.8142086267471313,0.43521007895469666,802.7611694335938,802.3259887695312,False,35.91399383544922,True,0
jump_medium,44,3.0,1000,10.198412895202637,11.463315963745117,0.6475887894630432,4.619215965270996,12.353487014770508,11.871213912963867,0.2578508257865906,0.35251474380493164,0.0,0.27689164876937866,0.42403990030288696,0.0,9.94056224822998,39.55160140991211,4.619215965270996,,1.8370544910430908,0.43521007895469666,813.4347534179688,812.9995727539062,False,32.6461296081543,True,0
combined_medium,42,0.3,1000,0.9537030458450317,1.0563689470291138,0.2916719317436218,0.8904317617416382,0.9523043036460876,0.9696073532104492,0.2059965282678604,0.280832439661026,0.04521172493696213,0.1534976214170456,0.32032594084739685,0.013,0.7477065324783325,4.629704475402832,0.8452200368046761,19.694708905337073,1.0385977029800415,0.2857791781425476,73.78022766113281,73.49444580078125,False,3.5069849491119385,True,0
combined_medium,43,0.3,1000,0.9522075653076172,1.056942343711853,0.29099321365356445,0.9380188584327698,0.9406195878982544,0.9728001356124878,0.2059965282678604,0.280832439661026,0.04521172493696213,0.1534976214170456,0.32032594084739685,0.02,0.746211051940918,4.6224446296691895,0.8928071334958076,20.747247749132157,1.036180853843689,0.2857791781425476,74.28888702392578,74.00310516357422,False,3.9552743434906006,True,0
combined_medium,44,0.3,1000,0.9602451920509338,1.0631717443466187,0.29194629192352295,0.9558646082878113,0.9482572078704834,0.9793038964271545,0.2059965282678604,0.280832439661026,0.04521172493696213,0.1534976214170456,0.32032594084739685,0.018,0.7542486786842346,4.661462783813477,0.9106528833508492,21.14196283421072,1.0395746231079102,0.2857791781425476,73.83602142333984,73.55023956298828,False,3.832083225250244,True,0
combined_medium,42,1.0,1000,2.9143476486206055,3.273907423019409,0.3694080412387848,2.7973825931549072,2.9385552406311035,2.9032864570617676,0.2059965282678604,0.280832439661026,0.04521172493696213,0.1534976214170456,0.32032594084739685,0.0,2.7083511352539062,14.147557258605957,2.752170868217945,61.872945503743686,1.315403699874878,0.2857791781425476,232.4149169921875,232.12913513183594,False,11.689949989318848,True,0
combined_medium,43,1.0,1000,2.967402458190918,3.339932441711426,0.37074390053749084,3.000321388244629,2.9587950706481934,2.9732258319854736,0.2059965282678604,0.280832439661026,0.04521172493696213,0.1534976214170456,0.32032594084739685,0.0,2.7614059448242188,14.405109405517578,2.955109663307667,66.36157749849008,1.3201605081558228,0.2857791781425476,237.6912384033203,237.40545654296875,False,11.507464408874512,True,0
combined_medium,44,1.0,1000,2.9713938236236572,3.339416027069092,0.36849161982536316,3.1264452934265137,2.975984811782837,2.9306626319885254,0.2059965282678604,0.280832439661026,0.04521172493696213,0.1534976214170456,0.32032594084739685,0.0,2.765397310256958,14.424485206604004,3.0812335684895515,69.15120574996106,1.3121404647827148,0.2857791781425476,237.08734130859375,236.8015594482422,False,12.401542663574219,True,0
combined_medium,42,3.0,1000,9.165492057800293,10.324110984802246,0.6189519166946411,9.008615493774414,9.294748306274414,9.004486083984375,0.2059965282678604,0.280832439661026,0.04521172493696213,0.1534976214170456,0.32032594084739685,0.0,8.959495544433594,44.493431091308594,8.963403768837452,199.25396578730317,2.2039899826049805,0.2857791781425476,734.2893676757812,734.0036010742188,False,35.069847106933594,True,0
combined_medium,43,3.0,1000,9.39487075805664,10.592720985412598,0.615110456943512,9.548430442810059,9.409661293029785,9.339062690734863,0.2059965282678604,0.280832439661026,0.04521172493696213,0.1534976214170456,0.32032594084739685,0.0,9.188874244689941,45.606937408447266,9.503218717873096,211.19367721809462,2.1903111934661865,0.2857791781425476,753.7932739257812,753.5075073242188,False,34.52239227294922,True,0
combined_medium,44,3.0,1000,9.305244445800781,10.484246253967285,0.6190131902694702,9.817017555236816,9.376241683959961,9.086470603942871,0.2059965282678604,0.280832439661026,0.04521172493696213,0.1534976214170456,0.32032594084739685,0.0,9.099247932434082,45.171852111816406,9.771805830299854,217.134328958351,2.2042083740234375,0.2857791781425476,746.1412353515625,745.85546875,False,37.204627990722656,True,0
