seed,zeta,t,loss_mean,loss_before_guidance_sum,grad_norm_mean,grad_norm_max,update_to_x_ratio_mean,update_to_x_ratio_max,x_after_isfinite,loss_isfinite,grad_isfinite,condition
42,0.3,5,3.2213516235351562,3221.3515625,22.063621520996094,32.34800338745117,1.1375436782836914,3.7213807106018066,True,True,True,gaussian_medium
42,0.3,4,182.86375427246094,182863.75,28.791805267333984,31.413312911987305,0.9577521085739136,2.1376655101776123,True,True,True,gaussian_medium
42,0.3,3,66.08097839355469,66080.9765625,28.613027572631836,31.620223999023438,1.3019819259643555,3.3201241493225098,True,True,True,gaussian_medium
42,0.3,2,181.1566619873047,181156.65625,28.94903564453125,31.08283233642578,0.9687807559967041,2.2428207397460938,True,True,True,gaussian_medium
42,0.3,1,71.0262680053711,71026.265625,29.022951126098633,31.175199508666992,1.306182622909546,3.418959617614746,True,True,True,gaussian_medium
42,0.3,0,183.0998992919922,183099.90625,29.150217056274414,31.28499984741211,0.9680803418159485,2.1792221069335938,True,True,True,gaussian_medium
43,0.3,5,3.2095980644226074,3209.59814453125,21.84596061706543,31.907690048217773,1.1211665868759155,3.7346205711364746,True,True,True,gaussian_medium
43,0.3,4,180.5976104736328,180597.609375,28.810184478759766,32.497764587402344,0.9647758603096008,2.327960252761841,True,True,True,gaussian_medium
43,0.3,3,68.26953125,68269.53125,28.60657501220703,32.08148193359375,1.2940247058868408,3.5324478149414062,True,True,True,gaussian_medium
43,0.3,2,178.82196044921875,178821.953125,28.92786979675293,31.604272842407227,0.9711424708366394,2.461916208267212,True,True,True,gaussian_medium
43,0.3,1,73.11499786376953,73115.0,29.020431518554688,31.15329933166504,1.299363136291504,3.3114817142486572,True,True,True,gaussian_medium
43,0.3,0,180.9589385986328,180958.9375,29.144121170043945,31.396942138671875,0.9708060026168823,2.3686630725860596,True,True,True,gaussian_medium
44,0.3,5,3.2872207164764404,3287.220703125,22.12837028503418,30.779136657714844,1.1419882774353027,3.941913366317749,True,True,True,gaussian_medium
44,0.3,4,182.81649780273438,182816.5,28.714258193969727,32.20880889892578,0.9446892738342285,2.186272382736206,True,True,True,gaussian_medium
44,0.3,3,65.28263854980469,65282.640625,28.511507034301758,31.732006072998047,1.3013813495635986,4.0946197509765625,True,True,True,gaussian_medium
44,0.3,2,180.9193572998047,180919.359375,28.9505672454834,31.123355865478516,0.960911750793457,2.304367780685425,True,True,True,gaussian_medium
44,0.3,1,71.25039672851562,71250.3984375,29.012083053588867,31.333030700683594,1.3089485168457031,4.010143280029297,True,True,True,gaussian_medium
44,0.3,0,182.78224182128906,182782.234375,29.148344039916992,31.413623809814453,0.9605686068534851,2.296164035797119,True,True,True,gaussian_medium
42,1.0,5,3.2213516235351562,3221.3515625,22.063621520996094,32.34800338745117,3.7918121814727783,12.404603004455566,True,True,True,gaussian_medium
42,1.0,4,608.8260498046875,608826.0625,28.097156524658203,30.269704818725586,1.28200101852417,3.2933828830718994,True,True,True,gaussian_medium
42,1.0,3,202.1479949951172,202148.0,28.125518798828125,31.488588333129883,2.896574020385742,7.600017070770264,True,True,True,gaussian_medium
42,1.0,2,606.688720703125,606688.75,28.602102279663086,30.691011428833008,1.3256160020828247,3.2750301361083984,True,True,True,gaussian_medium
42,1.0,1,224.42372131347656,224423.71875,28.94110870361328,31.133604049682617,2.8918228149414062,6.735700607299805,True,True,True,gaussian_medium
42,1.0,0,619.1231079101562,619123.125,29.041400909423828,31.145214080810547,1.333164095878601,3.2256319522857666,True,True,True,gaussian_medium
43,1.0,5,3.2095980644226074,3209.59814453125,21.84596061706543,31.907690048217773,3.737222194671631,12.448734283447266,True,True,True,gaussian_medium
43,1.0,4,601.6729736328125,601673.0,28.132823944091797,30.402324676513672,1.3091180324554443,3.790508508682251,True,True,True,gaussian_medium
43,1.0,3,210.0722198486328,210072.21875,28.113176345825195,32.70294952392578,2.8705482482910156,8.177367210388184,True,True,True,gaussian_medium
43,1.0,2,598.199951171875,598199.9375,28.5926456451416,30.714080810546875,1.3560129404067993,4.794366359710693,True,True,True,gaussian_medium
43,1.0,1,232.49996948242188,232499.96875,28.94643783569336,30.860187530517578,2.865527629852295,7.8552327156066895,True,True,True,gaussian_medium
43,1.0,0,611.1666259765625,611166.625,29.04084014892578,31.150100708007812,1.3639875650405884,4.6749701499938965,True,True,True,gaussian_medium
44,1.0,5,3.2872207164764404,3287.220703125,22.12837028503418,30.779136657714844,3.806627035140991,13.139710426330566,True,True,True,gaussian_medium
44,1.0,4,609.0062255859375,609006.25,28.059619903564453,30.479244232177734,1.282699465751648,4.033228397369385,True,True,True,gaussian_medium
44,1.0,3,200.54539489746094,200545.390625,27.942893981933594,31.37689971923828,2.9299466609954834,7.7161478996276855,True,True,True,gaussian_medium
44,1.0,2,601.9037475585938,601903.75,28.59164810180664,30.994190216064453,1.3448125123977661,3.8464484214782715,True,True,True,gaussian_medium
44,1.0,1,228.8650665283203,228865.0625,28.941469192504883,30.951801300048828,2.9226574897766113,6.983649730682373,True,True,True,gaussian_medium
44,1.0,0,614.6495971679688,614649.625,29.04167366027832,31.21563148498535,1.354189395904541,3.836735248565674,True,True,True,gaussian_medium
42,3.0,5,3.2213516235351562,3221.3515625,22.063621520996094,32.34800338745117,11.375435829162598,37.21380615234375,True,True,True,gaussian_medium
42,3.0,4,1817.826171875,1817826.125,28.056337356567383,30.27904510498047,1.3635225296020508,4.972591400146484,True,True,True,gaussian_medium
42,3.0,3,600.3040771484375,600304.0625,27.736713409423828,30.567249298095703,3.803959369659424,9.285782814025879,True,True,True,gaussian_medium
42,3.0,2,1786.3909912109375,1786391.0,28.574085235595703,30.705657958984375,1.4362187385559082,4.83296012878418,True,True,True,gaussian_medium
42,3.0,1,699.2212524414062,699221.25,28.820133209228516,30.99300765991211,3.6135494709014893,9.083677291870117,True,True,True,gaussian_medium
42,3.0,0,1817.9912109375,1817991.25,29.031850814819336,31.146106719970703,1.4511516094207764,4.706240653991699,True,True,True,gaussian_medium
43,3.0,5,3.2095980644226074,3209.59814453125,21.84596061706543,31.907690048217773,11.211666107177734,37.3462028503418,True,True,True,gaussian_medium
43,3.0,4,1796.5701904296875,1796570.25,28.068134307861328,30.100828170776367,1.3854155540466309,4.85633659362793,True,True,True,gaussian_medium
43,3.0,3,622.2520751953125,622252.0625,27.657196044921875,30.30239486694336,3.7337560653686523,13.348130226135254,True,True,True,gaussian_medium
43,3.0,2,1756.987548828125,1756987.5,28.56167984008789,30.636831283569336,1.46970796585083,5.160731315612793,True,True,True,gaussian_medium
43,3.0,1,727.5049438476562,727504.9375,28.820199966430664,30.76287841796875,3.545259714126587,8.223856925964355,True,True,True,gaussian_medium
43,3.0,0,1789.763427734375,1789763.375,29.028072357177734,31.1556339263916,1.4841541051864624,4.973626613616943,True,True,True,gaussian_medium
44,3.0,5,3.2872207164764404,3287.220703125,22.12837028503418,30.779136657714844,11.419880867004395,39.41912841796875,True,True,True,gaussian_medium
44,3.0,4,1819.21728515625,1819217.25,28.012115478515625,30.243764877319336,1.374618649482727,5.971998691558838,True,True,True,gaussian_medium
44,3.0,3,594.8928833007812,594892.875,27.531322479248047,30.883495330810547,3.871490716934204,10.877912521362305,True,True,True,gaussian_medium
44,3.0,2,1771.1907958984375,1771190.75,28.54587173461914,30.72487449645996,1.464944839477539,5.402071475982666,True,True,True,gaussian_medium
44,3.0,1,711.5903930664062,711590.375,28.809051513671875,30.87626075744629,3.658837080001831,8.925997734069824,True,True,True,gaussian_medium
44,3.0,0,1804.6492919921875,1804649.25,29.030126571655273,31.16778564453125,1.4813008308410645,5.0269083976745605,True,True,True,gaussian_medium
42,0.3,5,2.4177751541137695,2417.775146484375,20.950292587280273,31.041690826416016,1.4208621978759766,7.680157661437988,True,True,True,drift_medium
42,0.3,4,166.56307983398438,166563.078125,27.95677947998047,32.57952117919922,1.0831317901611328,3.0903663635253906,True,True,True,drift_medium
42,0.3,3,68.63245391845703,68632.453125,27.92637825012207,33.139442443847656,1.4257677793502808,6.517159938812256,True,True,True,drift_medium
42,0.3,2,166.95660400390625,166956.609375,28.212257385253906,32.61390686035156,1.0876669883728027,3.204017400741577,True,True,True,drift_medium
42,0.3,1,72.76556396484375,72765.5625,28.225250244140625,32.789947509765625,1.4288136959075928,6.426440715789795,True,True,True,drift_medium
42,0.3,0,168.21783447265625,168217.828125,28.35572624206543,32.72877502441406,1.0894032716751099,3.2760796546936035,True,True,True,drift_medium
43,0.3,5,2.4484329223632812,2448.432861328125,21.101987838745117,31.476585388183594,1.4207367897033691,7.355962753295898,True,True,True,drift_medium
43,0.3,4,167.740234375,167740.234375,27.949586868286133,34.314125061035156,1.0966557264328003,5.601241111755371,True,True,True,drift_medium
43,0.3,3,67.3351821899414,67335.1796875,27.912078857421875,33.345375061035156,1.423692226409912,5.9760518074035645,True,True,True,drift_medium
43,0.3,2,168.0859832763672,168085.984375,28.202632904052734,32.661312103271484,1.0952520370483398,4.408012390136719,True,True,True,drift_medium
43,0.3,1,71.4727783203125,71472.78125,28.213815689086914,32.97834396362305,1.4349701404571533,6.485023021697998,True,True,True,drift_medium
43,0.3,0,169.34584045410156,169345.84375,28.352937698364258,32.72101974487305,1.0950490236282349,3.8805723190307617,True,True,True,drift_medium
44,0.3,5,2.4628822803497314,2462.88232421875,21.377233505249023,30.838869094848633,1.45740807056427,8.039677619934082,True,True,True,drift_medium
44,0.3,4,170.4683074951172,170468.3125,27.97974967956543,33.416412353515625,1.0551161766052246,3.401049852371216,True,True,True,drift_medium
44,0.3,3,64.69750213623047,64697.50390625,27.95050048828125,33.51954650878906,1.4680296182632446,5.931815147399902,True,True,True,drift_medium
44,0.3,2,170.914306640625,170914.3125,28.176528930664062,32.78314208984375,1.0556399822235107,3.440761089324951,True,True,True,drift_medium
44,0.3,1,68.41278076171875,68412.78125,28.215396881103516,32.758445739746094,1.476134181022644,6.110522747039795,True,True,True,drift_medium
44,0.3,0,172.4329833984375,172432.984375,28.349563598632812,32.7886962890625,1.0578618049621582,3.480428457260132,True,True,True,drift_medium
42,1.0,5,2.4177751541137695,2417.775146484375,20.950292587280273,31.041690826416016,4.736207008361816,25.60052490234375,True,True,True,drift_medium
42,1.0,4,556.056640625,556056.625,27.356735229492188,31.793668746948242,1.3573037385940552,5.663424968719482,True,True,True,drift_medium
42,1.0,3,213.493408203125,213493.40625,27.427684783935547,32.48570251464844,2.7223830223083496,9.850696563720703,True,True,True,drift_medium
42,1.0,2,556.9194946289062,556919.5,27.847097396850586,32.11985397338867,1.4001497030258179,5.850956916809082,True,True,True,drift_medium
42,1.0,1,231.93516540527344,231935.171875,28.107131958007812,32.586669921875,2.7046420574188232,7.657109260559082,True,True,True,drift_medium
42,1.0,0,566.8421630859375,566842.1875,28.249980926513672,32.63294982910156,1.4100931882858276,5.988328456878662,True,True,True,drift_medium
43,1.0,5,2.4484329223632812,2448.432861328125,21.101987838745117,31.476585388183594,4.7357892990112305,24.519874572753906,True,True,True,drift_medium
43,1.0,4,560.3056030273438,560305.625,27.358386993408203,31.686777114868164,1.358659267425537,4.2391791343688965,True,True,True,drift_medium
43,1.0,3,209.3129425048828,209312.9375,27.463788986206055,32.14508819580078,2.7735822200775146,10.354269981384277,True,True,True,drift_medium
43,1.0,2,562.0611572265625,562061.1875,27.85826873779297,32.17222213745117,1.3937711715698242,4.1599016189575195,True,True,True,drift_medium
43,1.0,1,226.98199462890625,226982.0,28.099353790283203,33.322967529296875,2.7572133541107178,8.449121475219727,True,True,True,drift_medium
43,1.0,0,571.4547119140625,571454.6875,28.247339248657227,32.59016418457031,1.4029518365859985,4.562298774719238,True,True,True,drift_medium
44,1.0,5,2.4628822803497314,2462.88232421875,21.377233505249023,30.838869094848633,4.858026504516602,26.79892349243164,True,True,True,drift_medium
44,1.0,4,569.5070190429688,569507.0,27.399517059326172,32.262184143066406,1.3253734111785889,5.004029273986816,True,True,True,drift_medium
44,1.0,3,201.0579376220703,201057.9375,27.47494888305664,32.71656799316406,2.8719968795776367,12.048398971557617,True,True,True,drift_medium
44,1.0,2,570.1367797851562,570136.75,27.85091781616211,32.63656997680664,1.360506534576416,4.9900712966918945,True,True,True,drift_medium
44,1.0,1,218.70989990234375,218709.90625,28.109216690063477,33.111934661865234,2.8436129093170166,9.009418487548828,True,True,True,drift_medium
44,1.0,0,579.9699096679688,579969.9375,28.25026512145996,32.68629455566406,1.3710778951644897,4.945431709289551,True,True,True,drift_medium
42,3.0,5,2.4177751541137695,2417.775146484375,20.950292587280273,31.041690826416016,14.20862102508545,76.80157470703125,True,True,True,drift_medium
42,3.0,4,1660.515869140625,1660515.875,27.27263641357422,31.7025203704834,1.4063470363616943,5.328413963317871,True,True,True,drift_medium
42,3.0,3,631.0986938476562,631098.6875,27.12718391418457,31.57051658630371,3.5000696182250977,9.700841903686523,True,True,True,drift_medium
42,3.0,2,1648.001708984375,1648001.75,27.79440689086914,32.16313171386719,1.4762829542160034,5.576951026916504,True,True,True,drift_medium
42,3.0,1,708.8999633789062,708899.9375,27.987571716308594,32.55802536010742,3.363769292831421,7.954914093017578,True,True,True,drift_medium
42,3.0,0,1674.1134033203125,1674113.375,28.232349395751953,32.61396408081055,1.4939990043640137,5.275002956390381,True,True,True,drift_medium
43,3.0,5,2.4484329223632812,2448.432861328125,21.101987838745117,31.476585388183594,14.207366943359375,73.55962371826172,True,True,True,drift_medium
43,3.0,4,1673.5,1673500.0,27.25684356689453,31.579055786132812,1.4020369052886963,5.991851806640625,True,True,True,drift_medium
43,3.0,3,617.0614013671875,617061.375,27.12498664855957,31.642004013061523,3.6004316806793213,10.557463645935059,True,True,True,drift_medium
43,3.0,2,1661.5693359375,1661569.375,27.793363571166992,32.118499755859375,1.468730092048645,6.262430667877197,True,True,True,drift_medium
43,3.0,1,695.0396118164062,695039.625,27.989900588989258,32.49924850463867,3.4590389728546143,9.326728820800781,True,True,True,drift_medium
43,3.0,0,1687.803466796875,1687803.5,28.22951889038086,32.593082427978516,1.4853172302246094,6.0082855224609375,True,True,True,drift_medium
44,3.0,5,2.4628822803497314,2462.88232421875,21.377233505249023,30.838869094848633,14.574079513549805,80.39677429199219,True,True,True,drift_medium
44,3.0,4,1701.4859619140625,1701486.0,27.309728622436523,31.682205200195312,1.3681024312973022,4.514126777648926,True,True,True,drift_medium
44,3.0,3,593.5767211914062,593576.75,27.108402252197266,31.700925827026367,3.717337131500244,11.353798866271973,True,True,True,drift_medium
44,3.0,2,1682.68505859375,1682685.0,27.78841209411621,32.05780792236328,1.437925100326538,4.4364752769470215,True,True,True,drift_medium
44,3.0,1,673.7227783203125,673722.75,27.989164352416992,32.30849075317383,3.5409677028656006,10.000767707824707,True,True,True,drift_medium
44,3.0,0,1709.0577392578125,1709057.75,28.23208999633789,32.613311767578125,1.4564379453659058,4.309446811676025,True,True,True,drift_medium
42,0.3,5,4.390390396118164,4390.390625,21.677898406982422,31.13382339477539,0.8080586194992065,2.771627902984619,True,True,True,burst_medium
42,0.3,4,175.76409912109375,175764.09375,28.623069763183594,33.3057746887207,0.8038106560707092,2.123319149017334,True,True,True,burst_medium
42,0.3,3,69.72663879394531,69726.640625,28.362611770629883,31.35846710205078,0.9842896461486816,2.348968982696533,True,True,True,burst_medium
42,0.3,2,173.5952911376953,173595.296875,28.805694580078125,31.695096969604492,0.8195087909698486,2.1576759815216064,True,True,True,burst_medium
42,0.3,1,75.7674560546875,75767.453125,28.746414184570312,31.252958297729492,1.0045644044876099,2.4157588481903076,True,True,True,burst_medium
42,0.3,0,174.51808166503906,174518.078125,28.98992156982422,31.31386375427246,0.8274510502815247,2.2743678092956543,True,True,True,burst_medium
43,0.3,5,4.466516494750977,4466.5166015625,21.73293685913086,29.620264053344727,0.8101651072502136,3.0655922889709473,True,True,True,burst_medium
43,0.3,4,176.01576232910156,176015.765625,28.597976684570312,32.271846771240234,0.8053232431411743,2.9067373275756836,True,True,True,burst_medium
43,0.3,3,69.15831756591797,69158.3203125,28.295597076416016,32.0970344543457,0.9821731448173523,2.6005918979644775,True,True,True,burst_medium
43,0.3,2,173.54974365234375,173549.75,28.782489776611328,31.132953643798828,0.8217809796333313,2.562525749206543,True,True,True,burst_medium
43,0.3,1,75.62687683105469,75626.875,28.732725143432617,31.086103439331055,1.0043083429336548,2.667614459991455,True,True,True,burst_medium
43,0.3,0,174.48587036132812,174485.875,28.984291076660156,31.2893009185791,0.8301694393157959,2.5017664432525635,True,True,True,burst_medium
44,0.3,5,4.496344089508057,4496.34423828125,22.018404006958008,30.11044692993164,0.8198867440223694,3.9804487228393555,True,True,True,burst_medium
44,0.3,4,178.70265197753906,178702.65625,28.611970901489258,31.866853713989258,0.7958415746688843,1.760209321975708,True,True,True,burst_medium
44,0.3,3,66.81997680664062,66819.9765625,28.30675506591797,31.50152015686035,0.9868341088294983,4.236581802368164,True,True,True,burst_medium
44,0.3,2,176.02206420898438,176022.0625,28.81043815612793,31.183177947998047,0.813679575920105,1.8193460702896118,True,True,True,burst_medium
44,0.3,1,73.42813873291016,73428.140625,28.729440689086914,31.272356033325195,1.0076299905776978,3.7860279083251953,True,True,True,burst_medium
44,0.3,0,176.71212768554688,176712.125,28.99083137512207,31.2900447845459,0.8221628665924072,1.818848729133606,True,True,True,burst_medium
42,1.0,5,4.390390396118164,4390.390625,21.677898406982422,31.13382339477539,2.693528413772583,9.23875904083252,True,True,True,burst_medium
42,1.0,4,590.5311279296875,590531.125,28.005565643310547,30.605234146118164,1.2409610748291016,3.0063040256500244,True,True,True,burst_medium
42,1.0,3,213.26651000976562,213266.515625,27.943967819213867,30.78519058227539,2.3453731536865234,5.297215461730957,True,True,True,burst_medium
42,1.0,2,586.504638671875,586504.625,28.493717193603516,30.87150764465332,1.2837215662002563,3.1826894283294678,True,True,True,burst_medium
42,1.0,1,236.71649169921875,236716.484375,28.742191314697266,31.13089370727539,2.398744821548462,4.93675422668457,True,True,True,burst_medium
42,1.0,0,596.8330078125,596833.0,28.900400161743164,31.170997619628906,1.2924597263336182,3.1780283451080322,True,True,True,burst_medium
43,1.0,5,4.466516494750977,4466.5166015625,21.73293685913086,29.620264053344727,2.700550079345703,10.218640327453613,True,True,True,burst_medium
43,1.0,4,591.9093627929688,591909.375,28.031700134277344,30.260210037231445,1.2464030981063843,3.850261688232422,True,True,True,burst_medium
43,1.0,3,212.5175323486328,212517.53125,27.872438430786133,31.06995391845703,2.352515697479248,5.077025413513184,True,True,True,burst_medium
43,1.0,2,584.8877563476562,584887.75,28.49110984802246,30.70895004272461,1.2959589958190918,3.759615898132324,True,True,True,burst_medium
43,1.0,1,238.28517150878906,238285.171875,28.757827758789062,31.389719009399414,2.4102060794830322,5.300889492034912,True,True,True,burst_medium
43,1.0,0,595.699462890625,595699.4375,28.90428924560547,31.18145751953125,1.305685043334961,3.791590929031372,True,True,True,burst_medium
44,1.0,5,4.496344089508057,4496.34423828125,22.018404006958008,30.11044692993164,2.7329554557800293,13.268162727355957,True,True,True,burst_medium
44,1.0,4,600.5333862304688,600533.375,28.032535552978516,30.535892486572266,1.2241082191467285,3.755307197570801,True,True,True,burst_medium
44,1.0,3,204.01498413085938,204014.984375,27.8633975982666,31.203754425048828,2.3789801597595215,7.287417411804199,True,True,True,burst_medium
44,1.0,2,593.0819702148438,593082.0,28.49478530883789,31.031408309936523,1.2718745470046997,3.3302807807922363,True,True,True,burst_medium
44,1.0,1,230.17633056640625,230176.328125,28.75179672241211,31.074155807495117,2.4379217624664307,5.913354396820068,True,True,True,burst_medium
44,1.0,0,603.6194458007812,603619.4375,28.901140213012695,31.186412811279297,1.2815700769424438,3.3000946044921875,True,True,True,burst_medium
42,3.0,5,4.390390396118164,4390.390625,21.677898406982422,31.13382339477539,8.080585479736328,27.716276168823242,True,True,True,burst_medium
42,3.0,4,1765.626953125,1765627.0,27.91316032409668,30.10765266418457,1.3757065534591675,4.767053127288818,True,True,True,burst_medium
42,3.0,3,628.8941040039062,628894.125,27.64915657043457,31.160381317138672,3.3901331424713135,8.393084526062012,True,True,True,burst_medium
42,3.0,2,1740.760498046875,1740760.5,28.433147430419922,30.646747589111328,1.4455407857894897,4.773876190185547,True,True,True,burst_medium
42,3.0,1,720.2090454101562,720209.0625,28.67442512512207,31.086172103881836,3.369243621826172,6.764692783355713,True,True,True,burst_medium
42,3.0,0,1772.24072265625,1772240.75,28.882205963134766,31.18669891357422,1.4594123363494873,4.553145408630371,True,True,True,burst_medium
43,3.0,5,4.466516494750977,4466.5166015625,21.73293685913086,29.620264053344727,8.10165023803711,30.655920028686523,True,True,True,burst_medium
43,3.0,4,1770.3387451171875,1770338.75,27.910924911499023,30.09763526916504,1.3726387023925781,4.001526355743408,True,True,True,burst_medium
43,3.0,3,624.5684814453125,624568.5,27.56008529663086,30.330751419067383,3.4176785945892334,8.319156646728516,True,True,True,burst_medium
43,3.0,2,1736.7435302734375,1736743.5,28.42548179626465,30.599756240844727,1.4531500339508057,4.309970855712891,True,True,True,burst_medium
43,3.0,1,723.8693237304688,723869.3125,28.672565460205078,31.033353805541992,3.393404722213745,7.476199626922607,True,True,True,burst_medium
43,3.0,0,1768.5166015625,1768516.625,28.882400512695312,31.166004180908203,1.4678679704666138,3.9723150730133057,True,True,True,burst_medium
44,3.0,5,4.496344089508057,4496.34423828125,22.018404006958008,30.11044692993164,8.198866844177246,39.804481506347656,True,True,True,burst_medium
44,3.0,4,1796.2203369140625,1796220.375,27.92424774169922,30.124736785888672,1.346521019935608,5.024137496948242,True,True,True,burst_medium
44,3.0,3,599.930908203125,599930.9375,27.564393997192383,30.522192001342773,3.4847943782806396,8.084573745727539,True,True,True,burst_medium
44,3.0,2,1761.6409912109375,1761641.0,28.434036254882812,30.618776321411133,1.4243807792663574,4.6981587409973145,True,True,True,burst_medium
44,3.0,1,699.6310424804688,699631.0625,28.683385848999023,30.931446075439453,3.4493236541748047,7.201601982116699,True,True,True,burst_medium
44,3.0,0,1793.543701171875,1793543.75,28.883556365966797,31.179296493530273,1.4387043714523315,4.575627326965332,True,True,True,burst_medium
42,0.3,5,2.2856175899505615,2285.61767578125,22.05729103088379,32.52733612060547,1.5114107131958008,8.579856872558594,True,True,True,bias_medium
42,0.3,4,179.70175170898438,179701.75,28.56085205078125,36.4935188293457,1.0821603536605835,4.041305065155029,True,True,True,bias_medium
42,0.3,3,66.93063354492188,66930.6328125,28.541112899780273,35.60262680053711,1.451474905014038,5.795590877532959,True,True,True,bias_medium
42,0.3,2,180.30210876464844,180302.109375,28.898597717285156,36.252784729003906,1.0915273427963257,3.5981664657592773,True,True,True,bias_medium
42,0.3,1,71.83557891845703,71835.578125,28.916458129882812,35.16474914550781,1.462551236152649,6.284957408905029,True,True,True,bias_medium
42,0.3,0,181.623046875,181623.046875,29.046199798583984,35.88178634643555,1.0919005870819092,3.4323346614837646,True,True,True,bias_medium
43,0.3,5,2.317763566970825,2317.763671875,22.187641143798828,32.876792907714844,1.5080170631408691,8.508782386779785,True,True,True,bias_medium
43,0.3,4,180.4968719482422,180496.875,28.52505111694336,36.31416702270508,1.0956026315689087,5.7750349044799805,True,True,True,bias_medium
43,0.3,3,65.60293579101562,65602.9375,28.463937759399414,35.66808319091797,1.4481115341186523,6.064718723297119,True,True,True,bias_medium
43,0.3,2,180.8394012451172,180839.40625,28.889175415039062,36.194889068603516,1.1045963764190674,3.7446744441986084,True,True,True,bias_medium
43,0.3,1,71.10388946533203,71103.890625,28.893796920776367,35.72699737548828,1.4630582332611084,6.4082865715026855,True,True,True,bias_medium
43,0.3,0,182.0901336669922,182090.140625,29.047054290771484,35.898475646972656,1.105599045753479,3.7353627681732178,True,True,True,bias_medium
44,0.3,5,2.3430628776550293,2343.06298828125,22.574792861938477,34.1494140625,1.5556975603103638,9.048129081726074,True,True,True,bias_medium
44,0.3,4,184.0394744873047,184039.46875,28.54130744934082,35.895381927490234,1.0440082550048828,4.9671406745910645,True,True,True,bias_medium
44,0.3,3,62.18381118774414,62183.8125,28.486190795898438,36.279212951660156,1.495373249053955,6.135107040405273,True,True,True,bias_medium
44,0.3,2,184.3133087158203,184313.3125,28.868494033813477,35.8712043762207,1.053340196609497,3.4877724647521973,True,True,True,bias_medium
44,0.3,1,67.461181640625,67461.1796875,28.900545120239258,36.238929748535156,1.5089225769042969,6.188055038452148,True,True,True,bias_medium
44,0.3,0,185.80975341796875,185809.75,29.041223526000977,35.57997512817383,1.0556081533432007,3.342494487762451,True,True,True,bias_medium
42,1.0,5,2.2856175899505615,2285.61767578125,22.05729103088379,32.52733612060547,5.038035869598389,28.599525451660156,True,True,True,bias_medium
42,1.0,4,599.58935546875,599589.375,28.042566299438477,34.6328125,1.3145647048950195,4.8045654296875,True,True,True,bias_medium
42,1.0,3,210.81472778320312,210814.734375,27.990278244018555,35.19318771362305,2.7632970809936523,11.14694595336914,True,True,True,bias_medium
42,1.0,2,596.4241333007812,596424.125,28.54174041748047,35.099822998046875,1.3633861541748047,4.675689220428467,True,True,True,bias_medium
42,1.0,1,233.79747009277344,233797.46875,28.79750633239746,35.07680892944336,2.7572896480560303,10.14272689819336,True,True,True,bias_medium
42,1.0,0,606.4650268554688,606465.0,28.94232749938965,35.56221008300781,1.3749562501907349,4.453097820281982,True,True,True,bias_medium
43,1.0,5,2.317763566970825,2317.763671875,22.187641143798828,32.876792907714844,5.026722431182861,28.36260986328125,True,True,True,bias_medium
43,1.0,4,602.5863647460938,602586.375,27.995752334594727,34.77927780151367,1.3149783611297607,4.43975830078125,True,True,True,bias_medium
43,1.0,3,206.0266571044922,206026.65625,27.91725730895996,34.9130859375,2.7965164184570312,11.807538986206055,True,True,True,bias_medium
43,1.0,2,598.4617919921875,598461.8125,28.527589797973633,35.1671257019043,1.3686914443969727,4.114443302154541,True,True,True,bias_medium
43,1.0,1,231.1835479736328,231183.546875,28.791210174560547,35.52572250366211,2.7908530235290527,9.363152503967285,True,True,True,bias_medium
43,1.0,0,608.7367553710938,608736.75,28.94187355041504,35.56321716308594,1.3805606365203857,4.009937763214111,True,True,True,bias_medium
44,1.0,5,2.3430628776550293,2343.06298828125,22.574792861938477,34.1494140625,5.185657978057861,30.160432815551758,True,True,True,bias_medium
44,1.0,4,614.2974243164062,614297.4375,28.042346954345703,34.644439697265625,1.26778244972229,3.370166540145874,True,True,True,bias_medium
44,1.0,3,195.76670837402344,195766.703125,27.91354751586914,35.164405822753906,2.885617256164551,9.864325523376465,True,True,True,bias_medium
44,1.0,2,608.326171875,608326.1875,28.53383445739746,35.13602066040039,1.3191626071929932,3.7417285442352295,True,True,True,bias_medium
44,1.0,1,221.5499725341797,221549.96875,28.805559158325195,35.49300765991211,2.8683764934539795,8.869535446166992,True,True,True,bias_medium
44,1.0,0,618.75830078125,618758.3125,28.940563201904297,35.53384780883789,1.330316424369812,3.8858416080474854,True,True,True,bias_medium
42,3.0,5,2.2856175899505615,2285.61767578125,22.05729103088379,32.52733612060547,15.114107131958008,85.79857635498047,True,True,True,bias_medium
42,3.0,4,1791.22314453125,1791223.125,27.966995239257812,34.43468475341797,1.3540148735046387,4.35638427734375,True,True,True,bias_medium
42,3.0,3,623.82861328125,623828.625,27.681821823120117,34.42947769165039,3.5690784454345703,10.681678771972656,True,True,True,bias_medium
42,3.0,2,1764.371826171875,1764371.875,28.479511260986328,34.974143981933594,1.431273102760315,4.457813262939453,True,True,True,bias_medium
42,3.0,1,715.6681518554688,715668.125,28.666378021240234,35.20856475830078,3.4257102012634277,9.014747619628906,True,True,True,bias_medium
42,3.0,0,1790.414306640625,1790414.25,28.925413131713867,35.525917053222656,1.4525835514068604,4.357644081115723,True,True,True,bias_medium
43,3.0,5,2.317763566970825,2317.763671875,22.187641143798828,32.876792907714844,15.080169677734375,85.08782196044922,True,True,True,bias_medium
43,3.0,4,1800.4141845703125,1800414.125,27.93128776550293,34.67626953125,1.3493610620498657,4.763599872589111,True,True,True,bias_medium
43,3.0,3,611.03857421875,611038.5625,27.599273681640625,34.87669372558594,3.652421474456787,13.640192985534668,True,True,True,bias_medium
43,3.0,2,1768.5867919921875,1768586.75,28.471023559570312,35.12660217285156,1.4308974742889404,5.5596113204956055,True,True,True,bias_medium
43,3.0,1,710.4915161132812,710491.5,28.649686813354492,35.199317932128906,3.478344678878784,9.565743446350098,True,True,True,bias_medium
43,3.0,0,1793.7584228515625,1793758.375,28.92193603515625,35.5408821105957,1.4528734683990479,5.483221054077148,True,True,True,bias_medium
44,3.0,5,2.3430628776550293,2343.06298828125,22.574792861938477,34.1494140625,15.556974411010742,90.48128509521484,True,True,True,bias_medium
44,3.0,4,1835.99755859375,1835997.5,27.978046417236328,34.560791015625,1.3087642192840576,4.181087017059326,True,True,True,bias_medium
44,3.0,3,580.2349243164062,580234.9375,27.539216995239258,34.66027069091797,3.7496259212493896,12.137349128723145,True,True,True,bias_medium
44,3.0,2,1793.5345458984375,1793534.5,28.475343704223633,35.06129455566406,1.3917735815048218,4.180379867553711,True,True,True,bias_medium
44,3.0,1,686.2869873046875,686287.0,28.668729782104492,35.252662658691406,3.5498526096343994,8.598611831665039,True,True,True,bias_medium
44,3.0,0,1819.7327880859375,1819732.75,28.924375534057617,35.53519058227539,1.413763403892517,4.098804950714111,True,True,True,bias_medium
42,0.3,5,3.7822585105895996,3782.258544921875,20.68137550354004,30.713144302368164,0.8519219756126404,3.302090644836426,True,True,True,jump_medium
42,0.3,4,166.66128540039062,166661.28125,28.509525299072266,35.007530212402344,0.8646961450576782,2.0318355560302734,True,True,True,jump_medium
42,0.3,3,77.5608139038086,77560.8125,28.425762176513672,35.5604133605957,1.0414186716079712,3.182709217071533,True,True,True,jump_medium
42,0.3,2,166.26065063476562,166260.65625,28.68836784362793,34.633453369140625,0.8822199106216431,2.13641619682312,True,True,True,jump_medium
42,0.3,1,81.69984436035156,81699.84375,28.734169006347656,34.46223831176758,1.0612478256225586,3.535233497619629,True,True,True,jump_medium
42,0.3,0,167.9174346923828,167917.4375,28.880672454833984,34.489131927490234,0.8912147283554077,2.0631062984466553,True,True,True,jump_medium
43,0.3,5,3.7971832752227783,3797.183349609375,20.77004623413086,29.88786506652832,0.8520036935806274,3.5913994312286377,True,True,True,jump_medium
43,0.3,4,167.14840698242188,167148.40625,28.449817657470703,35.99417495727539,0.8636098504066467,2.1961097717285156,True,True,True,jump_medium
43,0.3,3,76.60681915283203,76606.8203125,28.476200103759766,34.58789825439453,1.0412448644638062,3.1459290981292725,True,True,True,jump_medium
43,0.3,2,167.73793029785156,167737.9375,28.68966293334961,34.37969970703125,0.8826122283935547,2.0253944396972656,True,True,True,jump_medium
43,0.3,1,80.25515747070312,80255.15625,28.720001220703125,34.6057243347168,1.0599782466888428,3.8089966773986816,True,True,True,jump_medium
43,0.3,0,169.23863220214844,169238.625,28.88302230834961,34.3427734375,0.8918315172195435,2.0120797157287598,True,True,True,jump_medium
44,0.3,5,3.8133814334869385,3813.38134765625,20.776451110839844,30.687034606933594,0.8575863242149353,3.264613389968872,True,True,True,jump_medium
44,0.3,4,167.1987762451172,167198.78125,28.403718948364258,35.054725646972656,0.8469534516334534,1.8971344232559204,True,True,True,jump_medium
44,0.3,3,76.0760498046875,76076.046875,28.48853874206543,34.05946731567383,1.0569148063659668,3.111578941345215,True,True,True,jump_medium
44,0.3,2,168.2049102783203,168204.90625,28.691627502441406,34.66177749633789,0.865143358707428,2.3368821144104004,True,True,True,jump_medium
44,0.3,1,79.80929565429688,79809.296875,28.72203826904297,34.46121597290039,1.0744004249572754,3.2723491191864014,True,True,True,jump_medium
44,0.3,0,169.72918701171875,169729.1875,28.878639221191406,34.42243194580078,0.8742437362670898,2.438422918319702,True,True,True,jump_medium
42,1.0,5,3.7822585105895996,3782.258544921875,20.68137550354004,30.713144302368164,2.8397397994995117,11.006967544555664,True,True,True,jump_medium
42,1.0,4,558.234619140625,558234.625,27.89961051940918,33.363895416259766,1.2997080087661743,3.6084139347076416,True,True,True,jump_medium
42,1.0,3,240.4991455078125,240499.140625,27.978574752807617,33.621482849121094,2.298795461654663,4.9236531257629395,True,True,True,jump_medium
42,1.0,2,559.228515625,559228.5,28.37898063659668,33.8043327331543,1.3488186597824097,3.574449300765991,True,True,True,jump_medium
42,1.0,1,258.7868957519531,258786.890625,28.64307403564453,34.43851089477539,2.3483006954193115,4.681828498840332,True,True,True,jump_medium
42,1.0,0,569.78564453125,569785.625,28.78791046142578,34.30397033691406,1.3633188009262085,3.715423345565796,True,True,True,jump_medium
43,1.0,5,3.7971832752227783,3797.183349609375,20.77004623413086,29.88786506652832,2.840012550354004,11.971330642700195,True,True,True,jump_medium
43,1.0,4,559.7012329101562,559701.25,27.821821212768555,33.6711540222168,1.2934386730194092,3.042717933654785,True,True,True,jump_medium
43,1.0,3,236.6115264892578,236611.53125,28.034801483154297,33.88956832885742,2.32956600189209,5.628903865814209,True,True,True,jump_medium
43,1.0,2,564.9177856445312,564917.8125,28.377788543701172,33.967098236083984,1.3409184217453003,3.7279322147369385,True,True,True,jump_medium
43,1.0,1,253.06163024902344,253061.625,28.63747215270996,34.3394889831543,2.387899875640869,5.421484470367432,True,True,True,jump_medium
43,1.0,0,575.3139038085938,575313.875,28.78593635559082,34.29140090942383,1.3556334972381592,4.060950756072998,True,True,True,jump_medium
44,1.0,5,3.8133814334869385,3813.38134765625,20.776451110839844,30.687034606933594,2.8586208820343018,10.882043838500977,True,True,True,jump_medium
44,1.0,4,560.1873168945312,560187.3125,27.84625816345215,33.54330062866211,1.2820762395858765,3.3830013275146484,True,True,True,jump_medium
44,1.0,3,236.78871154785156,236788.71875,27.943828582763672,34.31887435913086,2.335639238357544,5.776060104370117,True,True,True,jump_medium
44,1.0,2,561.7477416992188,561747.75,28.37109375,33.7877082824707,1.3347793817520142,4.723315715789795,True,True,True,jump_medium
44,1.0,1,256.0750427246094,256075.046875,28.641294479370117,34.478973388671875,2.389596700668335,5.2910475730896,True,True,True,jump_medium
44,1.0,0,572.4161376953125,572416.125,28.785432815551758,34.296875,1.3484078645706177,4.851058006286621,True,True,True,jump_medium
42,3.0,5,3.7822585105895996,3782.258544921875,20.68137550354004,30.713144302368164,8.519219398498535,33.020904541015625,True,True,True,jump_medium
42,3.0,4,1667.6898193359375,1667689.875,27.782699584960938,33.35801696777344,1.4263871908187866,4.820519924163818,True,True,True,jump_medium
42,3.0,3,708.386962890625,708386.9375,27.68246078491211,33.150665283203125,3.1394824981689453,8.140748977661133,True,True,True,jump_medium
42,3.0,2,1659.1544189453125,1659154.375,28.310863494873047,33.83759307861328,1.4993865489959717,4.441639423370361,True,True,True,jump_medium
42,3.0,1,784.2657470703125,784265.75,28.548627853393555,33.918209075927734,3.1280484199523926,7.345245361328125,True,True,True,jump_medium
42,3.0,0,1690.4862060546875,1690486.25,28.767093658447266,34.30651092529297,1.5179225206375122,4.573596477508545,True,True,True,jump_medium
43,3.0,5,3.7971832752227783,3797.183349609375,20.77004623413086,29.88786506652832,8.520036697387695,35.91399383544922,True,True,True,jump_medium
43,3.0,4,1672.2149658203125,1672215.0,27.72029685974121,33.227569580078125,1.4176701307296753,4.346278190612793,True,True,True,jump_medium
43,3.0,3,697.5435791015625,697543.5625,27.722332000732422,33.14903259277344,3.2127368450164795,7.604181289672852,True,True,True,jump_medium
43,3.0,2,1673.957763671875,1673957.75,28.314224243164062,33.880855560302734,1.4874831438064575,4.022943496704102,True,True,True,jump_medium
43,3.0,1,769.630615234375,769630.625,28.55402374267578,34.17765808105469,3.215688705444336,7.855222225189209,True,True,True,jump_medium
43,3.0,0,1705.39794921875,1705398.0,28.7677059173584,34.282379150390625,1.5045742988586426,4.089449882507324,True,True,True,jump_medium
44,3.0,5,3.8133814334869385,3813.38134765625,20.776451110839844,30.687034606933594,8.575862884521484,32.6461296081543,True,True,True,jump_medium
44,3.0,4,1674.291259765625,1674291.25,27.739072799682617,33.17935562133789,1.41529381275177,5.382324695587158,True,True,True,jump_medium
44,3.0,3,697.4273681640625,697427.375,27.61444664001465,33.21464538574219,3.184781551361084,8.102823257446289,True,True,True,jump_medium
44,3.0,2,1664.280029296875,1664280.0,28.314699172973633,33.76756286621094,1.4927165508270264,3.8005828857421875,True,True,True,jump_medium
44,3.0,1,779.5382690429688,779538.25,28.542308807373047,34.0626335144043,3.170116901397705,6.9124016761779785,True,True,True,jump_medium
44,3.0,0,1694.656005859375,1694656.0,28.767093658447266,34.2863883972168,1.511020541191101,3.854985475540161,True,True,True,jump_medium
42,0.3,5,3.2403383255004883,3240.33837890625,22.003461837768555,32.13005828857422,1.1276816129684448,3.5069849491119385,True,True,True,combined_medium
42,0.3,4,182.45370483398438,182453.703125,28.752653121948242,33.79179382324219,0.9550824165344238,2.092769145965576,True,True,True,combined_medium
42,0.3,3,66.1756591796875,66175.65625,28.508312225341797,34.34372329711914,1.2873296737670898,3.2672407627105713,True,True,True,combined_medium
42,0.3,2,180.18455505371094,180184.5625,28.895463943481445,33.40483093261719,0.9667415022850037,2.3345069885253906,True,True,True,combined_medium
42,0.3,1,71.57036590576172,71570.3671875,28.94115447998047,33.166053771972656,1.293880820274353,3.330721139907837,True,True,True,combined_medium
42,0.3,0,181.8858642578125,181885.859375,29.08055305480957,33.20378112792969,0.9666641354560852,2.3012900352478027,True,True,True,combined_medium
43,0.3,5,3.246644973754883,3246.64501953125,21.86101531982422,32.58395767211914,1.1180013418197632,3.4522392749786377,True,True,True,combined_medium
43,0.3,4,180.84255981445312,180842.5625,28.686546325683594,34.15755081176758,0.9523642659187317,2.2934489250183105,True,True,True,combined_medium
43,0.3,3,66.93479919433594,66934.796875,28.51187515258789,34.24542999267578,1.290539264678955,3.8934664726257324,True,True,True,combined_medium
43,0.3,2,179.3322296142578,179332.234375,28.876680374145508,33.092769622802734,0.9639129638671875,2.2344210147857666,True,True,True,combined_medium
43,0.3,1,72.18119049072266,72181.1875,28.945253372192383,33.30535888671875,1.2956225872039795,3.9552743434906006,True,True,True,combined_medium
43,0.3,0,181.25656127929688,181256.5625,29.068973541259766,33.200199127197266,0.9635985493659973,2.2587759494781494,True,True,True,combined_medium
44,0.3,5,3.3026211261749268,3302.62109375,22.05521011352539,33.1898078918457,1.131766676902771,3.720463275909424,True,True,True,combined_medium
44,0.3,4,182.3465118408203,182346.515625,28.671924591064453,34.06528091430664,0.9375409483909607,2.195538282394409,True,True,True,combined_medium
44,0.3,3,65.51731872558594,65517.31640625,28.422849655151367,33.6721305847168,1.291720986366272,3.745194911956787,True,True,True,combined_medium
44,0.3,2,179.88796997070312,179887.96875,28.869304656982422,33.34208297729492,0.9534268975257874,2.264998435974121,True,True,True,combined_medium
44,0.3,1,71.60496520996094,71604.96875,28.932266235351562,33.203548431396484,1.2984050512313843,3.832083225250244,True,True,True,combined_medium
44,0.3,0,181.77149963378906,181771.5,29.073089599609375,33.3765869140625,0.9542397856712341,2.204662799835205,True,True,True,combined_medium
42,1.0,5,3.2403383255004883,3240.33837890625,22.003461837768555,32.13005828857422,3.7589385509490967,11.689949989318848,True,True,True,combined_medium
42,1.0,4,607.451904296875,607451.875,28.049259185791016,32.675010681152344,1.2875984907150269,4.7073445320129395,True,True,True,combined_medium
42,1.0,3,202.13978576660156,202139.78125,28.02544593811035,33.3373908996582,2.8799796104431152,6.840810775756836,True,True,True,combined_medium
42,1.0,2,603.8641357421875,603864.125,28.53697967529297,33.01996612548828,1.335233211517334,4.008311748504639,True,True,True,combined_medium
42,1.0,1,225.46453857421875,225464.53125,28.877460479736328,33.236122131347656,2.875776767730713,6.691115379333496,True,True,True,combined_medium
42,1.0,0,616.3711547851562,616371.125,28.970836639404297,33.26528549194336,1.342829704284668,3.668752670288086,True,True,True,combined_medium
43,1.0,5,3.246644973754883,3246.64501953125,21.86101531982422,32.58395767211914,3.726670980453491,11.507464408874512,True,True,True,combined_medium
43,1.0,4,602.6089477539062,602608.9375,28.03183364868164,32.78513717651367,1.2987233400344849,4.261406421661377,True,True,True,combined_medium
43,1.0,3,206.39297485351562,206392.96875,27.968875885009766,34.4122428894043,2.868375301361084,7.0844292640686035,True,True,True,combined_medium
43,1.0,2,597.4037475585938,597403.75,28.509008407592773,32.81746292114258,1.34744131565094,4.1074981689453125,True,True,True,combined_medium
43,1.0,1,230.9261932373047,230926.1875,28.880722045898438,33.18449401855469,2.8800923824310303,7.349483966827393,True,True,True,combined_medium
43,1.0,0,610.9437866210938,610943.8125,28.967466354370117,33.22301483154297,1.3544656038284302,3.8430428504943848,True,True,True,combined_medium
44,1.0,5,3.3026211261749268,3302.62109375,22.05521011352539,33.1898078918457,3.7725555896759033,12.401542663574219,True,True,True,combined_medium
44,1.0,4,607.5438842773438,607543.875,28.017147064208984,32.820068359375,1.2788983583450317,4.41279935836792,True,True,True,combined_medium
44,1.0,3,201.33290100097656,201332.90625,27.86368751525879,34.258480072021484,2.9064579010009766,7.388937950134277,True,True,True,combined_medium
44,1.0,2,598.9974365234375,598997.4375,28.52009391784668,33.185359954833984,1.3394125699996948,4.261198997497559,True,True,True,combined_medium
44,1.0,1,229.85906982421875,229859.0625,28.867393493652344,32.88615417480469,2.901240587234497,7.811633110046387,True,True,True,combined_medium
44,1.0,0,611.6472778320312,611647.25,28.96807098388672,33.24822998046875,1.350400447845459,6.153534412384033,True,True,True,combined_medium
42,3.0,5,3.2403383255004883,3240.33837890625,22.003461837768555,32.13005828857422,11.276816368103027,35.069847106933594,True,True,True,combined_medium
42,3.0,4,1813.844970703125,1813845.0,27.998300552368164,32.27947998046875,1.3657021522521973,4.416957855224609,True,True,True,combined_medium
42,3.0,3,599.552490234375,599552.5,27.653566360473633,32.8319206237793,3.7949087619781494,8.840292930603027,True,True,True,combined_medium
42,3.0,2,1780.1094970703125,1780109.5,28.506776809692383,32.748775482177734,1.4423490762710571,4.566036701202393,True,True,True,combined_medium
42,3.0,1,700.1260986328125,700126.125,28.742828369140625,33.20884323120117,3.60573673248291,8.326220512390137,True,True,True,combined_medium
42,3.0,0,1810.8458251953125,1810845.875,28.960281372070312,33.22059631347656,1.4576343297958374,4.515666961669922,True,True,True,combined_medium
43,3.0,5,3.246644973754883,3246.64501953125,21.86101531982422,32.58395767211914,11.180012702941895,34.52239227294922,True,True,True,combined_medium
43,3.0,4,1799.50439453125,1799504.375,27.97860336303711,32.19881057739258,1.3803319931030273,4.89686393737793,True,True,True,combined_medium
43,3.0,3,612.1815185546875,612181.5,27.56966209411621,33.10663986206055,3.754061222076416,12.375066757202148,True,True,True,combined_medium
43,3.0,2,1759.054443359375,1759054.5,28.496578216552734,32.70142364501953,1.466376781463623,5.025688648223877,True,True,True,combined_medium
43,3.0,1,720.2695922851562,720269.5625,28.744897842407227,32.87373733520508,3.5673747062683105,9.120265007019043,True,True,True,combined_medium
43,3.0,0,1790.8275146484375,1790827.5,28.95598030090332,33.19773864746094,1.481917142868042,4.8188862800598145,True,True,True,combined_medium
44,3.0,5,3.3026211261749268,3302.62109375,22.05521011352539,33.1898078918457,11.317666053771973,37.204627990722656,True,True,True,combined_medium
44,3.0,4,1814.9541015625,1814954.125,27.962566375732422,32.18408966064453,1.3693784475326538,4.757506847381592,True,True,True,combined_medium
44,3.0,3,596.6868896484375,596686.875,27.494401931762695,32.53251647949219,3.8710272312164307,10.928034782409668,True,True,True,combined_medium
44,3.0,2,1767.1739501953125,1767174.0,28.493927001953125,32.69870376586914,1.4573464393615723,4.6392974853515625,True,True,True,combined_medium
44,3.0,1,712.1591186523438,712159.125,28.743499755859375,32.86260986328125,3.6481387615203857,7.670416355133057,True,True,True,combined_medium
44,3.0,0,1798.8721923828125,1798872.25,28.958206176757812,33.22747802734375,1.47360098361969,4.342594146728516,True,True,True,combined_medium
