geometry_profile,source_family,experiment_id,degradation,coarse_method,method_name,refiner_name,alpha,evaluated_windows,boundary_violation_count,infeasible_transition_count,window_violation_count,masked_infeasible_transition_count,masked_segment_count,total_points,total_segments,internal_wall_crossing_count,door_valid_crossing_count,off_map_ratio,window_violation_rate,infeasible_transition_rate,mean_infeasible_transitions_per_window,masked_infeasible_transition_rate,door_crossing_valid_ratio
two_room_v1,controlled_benchmark,span20_fixed_seed42,missing_drift,,input_degraded,,,27544,51,641,603,1,137720,550880,523336,2271,1682,9.257914609352308e-05,0.021892245135056637,0.0012248345231361877,0.02327185593958757,7.2611094975312225e-06,0.7406428885953324
two_room_v1,controlled_benchmark,span20_fixed_seed42,missing_drift,,kalman_cv_dt1.0_q1e-3_r1e-2,,,27544,102,1017,828,352,137720,550880,523336,3232,2341,0.00018515829218704617,0.030060993319779263,0.001943302199734014,0.03692274179494627,0.0025559105431309905,0.724319306930693
two_room_v1,controlled_benchmark,span20_fixed_seed42,missing_drift,,linear_interp,,,27544,51,730,687,90,137720,550880,523336,2987,2309,9.257914609352308e-05,0.02494191112401975,0.0013948973508415244,0.026503049665988963,0.00065349985477781,0.7730164044191496
two_room_v1,controlled_benchmark,span20_fixed_seed42,missing_drift,,savgol_w5_p2,,,27544,49,724,686,88,137720,550880,523336,2985,2310,8.894859134475748e-05,0.024905605576532094,0.0013834324411085804,0.026285216381063025,0.0006389776357827476,0.7738693467336684
two_room_v1,controlled_benchmark,span20_fixed_seed42,missing_noise,,input_degraded,,,27544,86,2397,1068,11,137720,550880,523336,4449,2180,0.0001561138541969213,0.03877432471681673,0.004580231438311142,0.0870243973279117,7.987220447284345e-05,0.48999775230388853
two_room_v1,controlled_benchmark,span20_fixed_seed42,missing_noise,,kalman_cv_dt1.0_q1e-3_r1e-2,,,27544,118,2005,1075,612,137720,550880,523336,4414,2576,0.00021420273017717107,0.03902846354923032,0.003831190669092132,0.07279262271275051,0.004443799012489109,0.583597643860444
two_room_v1,controlled_benchmark,span20_fixed_seed42,missing_noise,,linear_interp,,,27544,93,2581,1126,195,137720,550880,523336,5249,2803,0.00016882079581760092,0.04088004647110079,0.00493182200345476,0.09370461806564043,0.0014159163520185885,0.5340064774242713
two_room_v1,controlled_benchmark,span20_fixed_seed42,missing_noise,,savgol_w5_p2,,,27544,59,1384,839,245,137720,550880,523336,3773,2459,0.00010710136508858553,0.03046035434214348,0.002644572511732424,0.05024687772291606,0.0017789718268951496,0.6517360190829579
two_room_v1,controlled_benchmark,span20_fixed_seed42,missing_noise_drift,,input_degraded,,,27544,179,3012,1309,19,137720,550880,523336,4915,2152,0.0003249346500145222,0.04752396166134185,0.005755384685937906,0.10935230903282021,0.00013796108045309325,0.4378433367243133
two_room_v1,controlled_benchmark,span20_fixed_seed42,missing_noise_drift,,kalman_cv_dt1.0_q1e-3_r1e-2,,,27544,217,2471,1333,657,137720,550880,523336,4729,2536,0.00039391519024106883,0.048395294801045596,0.004721631991684119,0.08971100784199826,0.004770548939878013,0.5362655952632692
two_room_v1,controlled_benchmark,span20_fixed_seed42,missing_noise_drift,,linear_interp,,,27544,198,3229,1375,236,137720,550880,523336,5735,2772,0.0003594249201277955,0.04992012779552716,0.006170032254612715,0.11723061283764159,0.0017136218414173685,0.48334786399302526
two_room_v1,controlled_benchmark,span20_fixed_seed42,missing_noise_drift,,savgol_w5_p2,,,27544,156,1896,1115,294,137720,550880,523336,4120,2406,0.0002831832704037177,0.040480685448736564,0.0036229114756103154,0.068835318036596,0.0021347661922741794,0.5839805825242719
two_room_v1,controlled_benchmark,span20_fixed_seed42,missing_only,,input_degraded,,,27544,0,0,0,0,137720,550880,523336,1813,1813,0.0,0.0,0.0,0.0,0.0,1.0
two_room_v1,controlled_benchmark,span20_fixed_seed42,missing_only,,kalman_cv_dt1.0_q1e-3_r1e-2,,,27544,44,408,270,320,137720,550880,523336,2792,2450,7.987220447284345e-05,0.009802497821667151,0.0007796138618401944,0.014812663374963694,0.0023235550392099913,0.8775071633237822
two_room_v1,controlled_benchmark,span20_fixed_seed42,missing_only,,linear_interp,,,27544,0,24,24,24,137720,550880,523336,2491,2467,0.0,0.0008713331397037467,4.585963893177614e-05,0.0008713331397037467,0.00017426662794074935,0.9903653151344841
two_room_v1,controlled_benchmark,span20_fixed_seed42,missing_only,,savgol_w5_p2,,,27544,0,49,44,24,137720,550880,523336,2504,2455,0.0,0.001597444089456869,9.36300961523763e-05,0.0017789718268951496,0.00017426662794074935,0.9804313099041534
two_room_v1,phase1_baseline,span10_fixed_seed42,,,kalman_cv_dt1.0_q1e-3_r1e-2,,,27544,6,174,146,76,82632,550880,523336,2585,2422,1.0891664246296835e-05,0.005300609933197793,0.00033248238225537703,0.006317165262852164,0.0009197405363539549,0.9369439071566731
two_room_v1,phase1_baseline,span10_fixed_seed42,,,linear_interp,,,27544,0,6,6,6,82632,550880,523336,2491,2485,0.0,0.00021783328492593667,1.1464909732944035e-05,0.00021783328492593667,7.261109497531223e-05,0.997591328783621
two_room_v1,phase1_baseline,span10_fixed_seed42,,,savgol_w5_p2,,,27544,0,34,29,7,82632,550880,523336,2504,2470,0.0,0.0010528608771420273,6.49678218200162e-05,0.001234388614580308,8.471294413786427e-05,0.9864217252396166
two_room_v1,phase1_baseline,span20_fixed_seed42,,,kalman_cv_dt1.0_q1e-3_r1e-2,,,27544,44,408,270,320,137720,550880,523336,2792,2450,7.987220447284345e-05,0.009802497821667151,0.0007796138618401944,0.014812663374963694,0.0023235550392099913,0.8775071633237822
two_room_v1,phase1_baseline,span20_fixed_seed42,,,linear_interp,,,27544,0,24,24,24,137720,550880,523336,2491,2467,0.0,0.0008713331397037467,4.585963893177614e-05,0.0008713331397037467,0.00017426662794074935,0.9903653151344841
two_room_v1,phase1_baseline,span20_fixed_seed42,,,savgol_w5_p2,,,27544,0,49,44,24,137720,550880,523336,2504,2455,0.0,0.001597444089456869,9.36300961523763e-05,0.0017789718268951496,0.00017426662794074935,0.9804313099041534
two_room_v1,phase1_baseline,span20_random_seed0,,,kalman_cv_dt1.0_q1e-3_r1e-2,,,27544,33,395,266,308,137720,550880,523336,2775,2431,5.990415335463259e-05,0.009657275631716526,0.0007547732240854824,0.014340691257624164,0.0022364217252396168,0.8760360360360361
two_room_v1,phase1_baseline,span20_random_seed0,,,linear_interp,,,27544,0,28,28,28,137720,550880,523336,2491,2463,0.0,0.0010165553296543712,5.3502912087072166e-05,0.0010165553296543712,0.00020331106593087425,0.9887595343235648
two_room_v1,phase1_baseline,span20_random_seed0,,,savgol_w5_p2,,,27544,0,54,49,29,137720,550880,523336,2503,2449,0.0,0.0017789718268951496,0.00010318418759649633,0.0019604995643334303,0.00021057217542840546,0.9784258889332801
two_room_v1,phase1_baseline,span20_random_seed1,,,kalman_cv_dt1.0_q1e-3_r1e-2,,,27544,27,367,249,283,137720,550880,523336,2762,2439,4.901248910833575e-05,0.009040081324426373,0.0007012703119984102,0.013324135927969794,0.002054893987801336,0.8830557566980449
two_room_v1,phase1_baseline,span20_random_seed1,,,linear_interp,,,27544,0,27,27,27,137720,550880,523336,2491,2464,0.0,0.0009802497821667152,5.1592093798248164e-05,0.0009802497821667152,0.000196049956433343,0.9891609795262947
two_room_v1,phase1_baseline,span20_random_seed1,,,savgol_w5_p2,,,27544,0,50,45,25,137720,550880,523336,2502,2452,0.0,0.0016337496369445252,9.55409144412003e-05,0.0018152773743828057,0.00018152773743828056,0.9800159872102319
two_room_v1,phase1_baseline,span20_random_seed10,,,kalman_cv_dt1.0_q1e-3_r1e-2,,,27544,34,362,248,276,137720,550880,523336,2757,2446,6.17194307290154e-05,0.009003775776938717,0.0006917162205542902,0.013142608190531513,0.0020040662213186176,0.887196227783823
two_room_v1,phase1_baseline,span20_random_seed10,,,linear_interp,,,27544,0,32,32,32,137720,550880,523336,2491,2459,0.0,0.0011617775196049957,6.11461852423682e-05,0.0011617775196049957,0.00023235550392099912,0.9871537535126456
two_room_v1,phase1_baseline,span20_random_seed10,,,savgol_w5_p2,,,27544,0,55,50,33,137720,550880,523336,2504,2449,0.0,0.0018152773743828057,0.00010509500588532033,0.001996805111821086,0.00023961661341853036,0.978035143769968
two_room_v1,phase1_baseline,span20_random_seed11,,,kalman_cv_dt1.0_q1e-3_r1e-2,,,27544,18,344,241,259,137720,550880,523336,2747,2432,3.26749927388905e-05,0.008749636944525123,0.000657321491355458,0.012489108335753703,0.0018806273598605866,0.8853294503094284
two_room_v1,phase1_baseline,span20_random_seed11,,,linear_interp,,,27544,0,29,29,29,137720,550880,523336,2491,2462,0.0,0.0010528608771420273,5.5413730375896176e-05,0.0010528608771420273,0.00021057217542840546,0.988358089120835
two_room_v1,phase1_baseline,span20_random_seed11,,,savgol_w5_p2,,,27544,0,50,46,28,137720,550880,523336,2504,2454,0.0,0.0016700551844321813,9.55409144412003e-05,0.0018152773743828057,0.00020331106593087425,0.9800319488817891
two_room_v1,phase1_baseline,span20_random_seed12,,,kalman_cv_dt1.0_q1e-3_r1e-2,,,27544,46,382,259,301,137720,550880,523336,2741,2430,8.350275922160906e-05,0.009403136799302934,0.0007299325863307703,0.013868719140284636,0.002185593958756898,0.8865377599416271
two_room_v1,phase1_baseline,span20_random_seed12,,,linear_interp,,,27544,0,26,26,26,137720,550880,523336,2491,2465,0.0,0.000943944234679059,4.9681275509424154e-05,0.000943944234679059,0.0001887888469358118,0.9895624247290244
two_room_v1,phase1_baseline,span20_random_seed12,,,savgol_w5_p2,,,27544,0,48,44,25,137720,550880,523336,2501,2453,0.0,0.001597444089456869,9.171927786355228e-05,0.0017426662794074934,0.00018152773743828056,0.9808076769292283
two_room_v1,phase1_baseline,span20_random_seed13,,,kalman_cv_dt1.0_q1e-3_r1e-2,,,27544,35,379,262,293,137720,550880,523336,2745,2423,6.35347081033982e-05,0.009512053441765901,0.0007242001314642983,0.013759802497821667,0.0021275050827766484,0.8826958105646631
two_room_v1,phase1_baseline,span20_random_seed13,,,linear_interp,,,27544,0,24,24,24,137720,550880,523336,2491,2467,0.0,0.0008713331397037467,4.585963893177614e-05,0.0008713331397037467,0.00017426662794074935,0.9903653151344841
two_room_v1,phase1_baseline,span20_random_seed13,,,savgol_w5_p2,,,27544,0,46,43,22,137720,550880,523336,2503,2457,0.0,0.0015611385419692129,8.789764128590428e-05,0.0016700551844321813,0.0001597444089456869,0.981622053535757
two_room_v1,phase1_baseline,span20_random_seed14,,,kalman_cv_dt1.0_q1e-3_r1e-2,,,27544,40,399,261,314,137720,550880,523336,2794,2454,7.261109497531223e-05,0.009475747894278247,0.0007624164972407784,0.01448591344757479,0.002279988382224804,0.8783106657122405
two_room_v1,phase1_baseline,span20_random_seed14,,,linear_interp,,,27544,0,23,23,23,137720,550880,523336,2491,2468,0.0,0.0008350275922160906,4.394882064295214e-05,0.0008350275922160906,0.00016700551844321812,0.990766760337214
two_room_v1,phase1_baseline,span20_random_seed14,,,savgol_w5_p2,,,27544,0,52,48,25,137720,550880,523336,2503,2451,0.0,0.0017426662794074934,9.936255101884831e-05,0.001887888469358118,0.00018152773743828056,0.9792249300838993
two_room_v1,phase1_baseline,span20_random_seed15,,,kalman_cv_dt1.0_q1e-3_r1e-2,,,27544,34,387,259,307,137720,550880,523336,2753,2419,6.17194307290154e-05,0.009403136799302934,0.0007394866777748903,0.014050246877722916,0.0022291606157420854,0.8786778060297857
two_room_v1,phase1_baseline,span20_random_seed15,,,linear_interp,,,27544,0,30,30,30,137720,550880,523336,2491,2461,0.0,0.0010891664246296833,5.732454866472018e-05,0.0010891664246296833,0.00021783328492593667,0.9879566439181052
two_room_v1,phase1_baseline,span20_random_seed15,,,savgol_w5_p2,,,27544,0,54,49,29,137720,550880,523336,2504,2450,0.0,0.0017789718268951496,0.00010318418759649633,0.0019604995643334303,0.00021057217542840546,0.9784345047923323
two_room_v1,phase1_baseline,span20_random_seed16,,,kalman_cv_dt1.0_q1e-3_r1e-2,,,27544,40,349,227,277,137720,550880,523336,2750,2463,7.261109497531223e-05,0.008241359279697939,0.0006668755827995781,0.012670636073191984,0.0020113273308161486,0.8956363636363637
two_room_v1,phase1_baseline,span20_random_seed16,,,linear_interp,,,27544,0,21,21,21,137720,550880,523336,2491,2470,0.0,0.0007624164972407784,4.0127184065304127e-05,0.0007624164972407784,0.00015248329944815567,0.9915696507426737
two_room_v1,phase1_baseline,span20_random_seed16,,,savgol_w5_p2,,,27544,0,48,43,22,137720,550880,523336,2503,2455,0.0,0.0015611385419692129,9.171927786355228e-05,0.0017426662794074934,0.0001597444089456869,0.9808230123851378
two_room_v1,phase1_baseline,span20_random_seed17,,,kalman_cv_dt1.0_q1e-3_r1e-2,,,27544,38,392,259,309,137720,550880,523336,2781,2444,6.898054022654662e-05,0.009403136799302934,0.0007490407692190104,0.014231774615161197,0.0022436828347371478,0.8788205681409564
two_room_v1,phase1_baseline,span20_random_seed17,,,linear_interp,,,27544,0,23,23,23,137720,550880,523336,2491,2468,0.0,0.0008350275922160906,4.394882064295214e-05,0.0008350275922160906,0.00016700551844321812,0.990766760337214
two_room_v1,phase1_baseline,span20_random_seed17,,,savgol_w5_p2,,,27544,0,52,47,23,137720,550880,523336,2504,2452,0.0,0.0017063607319198373,9.936255101884831e-05,0.001887888469358118,0.00016700551844321812,0.9792332268370607
two_room_v1,phase1_baseline,span20_random_seed18,,,kalman_cv_dt1.0_q1e-3_r1e-2,,,27544,51,404,263,322,137720,550880,523336,2774,2445,9.257914609352308e-05,0.009548358989253557,0.0007719705886848984,0.01466744118501307,0.0023380772582050537,0.8813987022350397
two_room_v1,phase1_baseline,span20_random_seed18,,,linear_interp,,,27544,0,25,25,25,137720,550880,523336,2491,2466,0.0,0.0009076386871914028,4.777045722060015e-05,0.0009076386871914028,0.00018152773743828056,0.9899638699317543
two_room_v1,phase1_baseline,span20_random_seed18,,,savgol_w5_p2,,,27544,0,48,44,26,137720,550880,523336,2504,2456,0.0,0.001597444089456869,9.171927786355228e-05,0.0017426662794074934,0.0001887888469358118,0.9808306709265175
two_room_v1,phase1_baseline,span20_random_seed19,,,kalman_cv_dt1.0_q1e-3_r1e-2,,,27544,37,368,249,287,137720,550880,523336,2744,2432,6.716526285216381e-05,0.009040081324426373,0.0007031811302872342,0.01336044147545745,0.002083938425791461,0.8862973760932945
two_room_v1,phase1_baseline,span20_random_seed19,,,linear_interp,,,27544,0,27,27,27,137720,550880,523336,2491,2464,0.0,0.0009802497821667152,5.1592093798248164e-05,0.0009802497821667152,0.000196049956433343,0.9891609795262947
two_room_v1,phase1_baseline,span20_random_seed19,,,savgol_w5_p2,,,27544,0,48,43,25,137720,550880,523336,2506,2458,0.0,0.0015611385419692129,9.171927786355228e-05,0.0017426662794074934,0.00018152773743828056,0.9808459696727854
two_room_v1,phase1_baseline,span20_random_seed2,,,kalman_cv_dt1.0_q1e-3_r1e-2,,,27544,37,383,249,301,137720,550880,523336,2766,2437,6.716526285216381e-05,0.009040081324426373,0.0007318434046195943,0.013905024687772292,0.002185593958756898,0.881055676066522
two_room_v1,phase1_baseline,span20_random_seed2,,,linear_interp,,,27544,0,15,15,15,137720,550880,523336,2491,2476,0.0,0.0005445832123148417,2.866227433236009e-05,0.0005445832123148417,0.00010891664246296834,0.9939783219590526
two_room_v1,phase1_baseline,span20_random_seed2,,,savgol_w5_p2,,,27544,0,45,40,18,137720,550880,523336,2505,2460,0.0,0.0014522218995062445,8.598682299708028e-05,0.0016337496369445252,0.000130699970955562,0.9820359281437125
two_room_v1,phase1_baseline,span20_random_seed3,,,kalman_cv_dt1.0_q1e-3_r1e-2,,,27544,29,327,230,247,137720,550880,523336,2718,2436,5.2643043857101365e-05,0.008350275922160906,0.00062483758044545,0.01187191402846355,0.001793494045890212,0.8962472406181016
two_room_v1,phase1_baseline,span20_random_seed3,,,linear_interp,,,27544,0,24,24,24,137720,550880,523336,2491,2467,0.0,0.0008713331397037467,4.585963893177614e-05,0.0008713331397037467,0.00017426662794074935,0.9903653151344841
two_room_v1,phase1_baseline,span20_random_seed3,,,savgol_w5_p2,,,27544,0,47,43,24,137720,550880,523336,2503,2456,0.0,0.0015611385419692129,8.980845957472828e-05,0.0017063607319198373,0.00017426662794074935,0.9812225329604475
two_room_v1,phase1_baseline,span20_random_seed4,,,kalman_cv_dt1.0_q1e-3_r1e-2,,,27544,40,398,262,321,137720,550880,523336,2761,2423,7.261109497531223e-05,0.009512053441765901,0.0007605056789519544,0.014449607900087133,0.0023308161487075223,0.8775805867439334
two_room_v1,phase1_baseline,span20_random_seed4,,,linear_interp,,,27544,0,18,18,18,137720,550880,523336,2491,2473,0.0,0.00065349985477781,3.4394729198832105e-05,0.00065349985477781,0.000130699970955562,0.9927739863508631
two_room_v1,phase1_baseline,span20_random_seed4,,,savgol_w5_p2,,,27544,0,44,40,19,137720,550880,523336,2504,2460,0.0,0.0014522218995062445,8.407600470825626e-05,0.001597444089456869,0.00013796108045309325,0.9824281150159745
two_room_v1,phase1_baseline,span20_random_seed42,,,kalman_cv_dt1.0_q1e-3_r1e-2,,,27544,24,361,256,268,137720,550880,523336,2765,2442,4.356665698518734e-05,0.009294220156839965,0.0006898054022654662,0.013106302643043856,0.0019459773453383677,0.8831826401446654
two_room_v1,phase1_baseline,span20_random_seed42,,,linear_interp,,,27544,0,25,25,25,137720,550880,523336,2491,2466,0.0,0.0009076386871914028,4.777045722060015e-05,0.0009076386871914028,0.00018152773743828056,0.9899638699317543
two_room_v1,phase1_baseline,span20_random_seed42,,,savgol_w5_p2,,,27544,0,50,45,24,137720,550880,523336,2506,2456,0.0,0.0016337496369445252,9.55409144412003e-05,0.0018152773743828057,0.00017426662794074935,0.9800478850758181
two_room_v1,phase1_baseline,span20_random_seed43,,,kalman_cv_dt1.0_q1e-3_r1e-2,,,27544,51,412,270,334,137720,550880,523336,2772,2438,9.257914609352308e-05,0.009802497821667151,0.0007872571349954905,0.014957885564914319,0.0024252105721754283,0.8795093795093795
two_room_v1,phase1_baseline,span20_random_seed43,,,linear_interp,,,27544,0,20,20,20,137720,550880,523336,2491,2471,0.0,0.0007261109497531223,3.821636577648012e-05,0.0007261109497531223,0.00014522218995062446,0.9919710959454034
two_room_v1,phase1_baseline,span20_random_seed43,,,savgol_w5_p2,,,27544,0,42,38,20,137720,550880,523336,2500,2458,0.0,0.0013796108045309324,8.025436813060825e-05,0.0015248329944815568,0.00014522218995062446,0.9832
two_room_v1,phase1_baseline,span20_random_seed44,,,kalman_cv_dt1.0_q1e-3_r1e-2,,,27544,32,392,264,311,137720,550880,523336,2774,2430,5.808887598024978e-05,0.009584664536741214,0.0007490407692190104,0.014231774615161197,0.00225820505373221,0.8759913482335977
two_room_v1,phase1_baseline,span20_random_seed44,,,linear_interp,,,27544,0,20,20,20,137720,550880,523336,2491,2471,0.0,0.0007261109497531223,3.821636577648012e-05,0.0007261109497531223,0.00014522218995062446,0.9919710959454034
two_room_v1,phase1_baseline,span20_random_seed44,,,savgol_w5_p2,,,27544,0,43,39,21,137720,550880,523336,2502,2459,0.0,0.0014159163520185885,8.216518641943226e-05,0.0015611385419692129,0.00015248329944815567,0.9828137490007993
two_room_v1,phase1_baseline,span20_random_seed5,,,kalman_cv_dt1.0_q1e-3_r1e-2,,,27544,26,352,244,268,137720,550880,523336,2767,2455,4.719721173395295e-05,0.008858553586988092,0.0006726080376660501,0.012779552715654952,0.0019459773453383677,0.8872425009035056
two_room_v1,phase1_baseline,span20_random_seed5,,,linear_interp,,,27544,0,23,23,23,137720,550880,523336,2491,2468,0.0,0.0008350275922160906,4.394882064295214e-05,0.0008350275922160906,0.00016700551844321812,0.990766760337214
two_room_v1,phase1_baseline,span20_random_seed5,,,savgol_w5_p2,,,27544,0,44,39,22,137720,550880,523336,2502,2458,0.0,0.0014159163520185885,8.407600470825626e-05,0.001597444089456869,0.0001597444089456869,0.982414068745004
two_room_v1,phase1_baseline,span20_random_seed6,,,kalman_cv_dt1.0_q1e-3_r1e-2,,,27544,34,365,248,283,137720,550880,523336,2743,2429,6.17194307290154e-05,0.009003775776938717,0.0006974486754207622,0.013251524832994481,0.002054893987801336,0.8855267954794022
two_room_v1,phase1_baseline,span20_random_seed6,,,linear_interp,,,27544,0,20,20,20,137720,550880,523336,2491,2471,0.0,0.0007261109497531223,3.821636577648012e-05,0.0007261109497531223,0.00014522218995062446,0.9919710959454034
two_room_v1,phase1_baseline,span20_random_seed6,,,savgol_w5_p2,,,27544,0,40,36,18,137720,550880,523336,2500,2460,0.0,0.00130699970955562,7.643273155296023e-05,0.0014522218995062445,0.000130699970955562,0.984
two_room_v1,phase1_baseline,span20_random_seed7,,,kalman_cv_dt1.0_q1e-3_r1e-2,,,27544,46,371,246,288,137720,550880,523336,2737,2437,8.350275922160906e-05,0.008931164681963404,0.0007089135851537062,0.013469358117920419,0.002091199535288992,0.8903909389842893
two_room_v1,phase1_baseline,span20_random_seed7,,,linear_interp,,,27544,0,26,26,26,137720,550880,523336,2491,2465,0.0,0.000943944234679059,4.9681275509424154e-05,0.000943944234679059,0.0001887888469358118,0.9895624247290244
two_room_v1,phase1_baseline,span20_random_seed7,,,savgol_w5_p2,,,27544,0,49,45,28,137720,550880,523336,2501,2452,0.0,0.0016337496369445252,9.36300961523763e-05,0.0017789718268951496,0.00020331106593087425,0.9804078368652539
two_room_v1,phase1_baseline,span20_random_seed8,,,kalman_cv_dt1.0_q1e-3_r1e-2,,,27544,34,380,253,290,137720,550880,523336,2764,2434,6.17194307290154e-05,0.009185303514376996,0.0007261109497531223,0.013796108045309324,0.0021057217542840546,0.8806078147612156
two_room_v1,phase1_baseline,span20_random_seed8,,,linear_interp,,,27544,0,35,35,35,137720,550880,523336,2491,2456,0.0,0.001270694162067964,6.68786401088402e-05,0.001270694162067964,0.0002541388324135928,0.985949417904456
two_room_v1,phase1_baseline,span20_random_seed8,,,savgol_w5_p2,,,27544,0,59,54,35,137720,550880,523336,2501,2442,0.0,0.0019604995643334303,0.00011273827904061635,0.002142027301771711,0.0002541388324135928,0.9764094362255098
two_room_v1,phase1_baseline,span20_random_seed9,,,kalman_cv_dt1.0_q1e-3_r1e-2,,,27544,27,360,243,274,137720,550880,523336,2764,2443,4.901248910833575e-05,0.008822248039500435,0.0006878945839766422,0.013069997095556202,0.001989544002323555,0.8838639652677279
two_room_v1,phase1_baseline,span20_random_seed9,,,linear_interp,,,27544,0,23,23,23,137720,550880,523336,2491,2468,0.0,0.0008350275922160906,4.394882064295214e-05,0.0008350275922160906,0.00016700551844321812,0.990766760337214
two_room_v1,phase1_baseline,span20_random_seed9,,,savgol_w5_p2,,,27544,0,47,43,24,137720,550880,523336,2502,2455,0.0,0.0015611385419692129,8.980845957472828e-05,0.0017063607319198373,0.00017426662794074935,0.981215027977618
two_room_v1,phase1_baseline,span30_fixed_seed42,,,kalman_cv_dt1.0_q1e-3_r1e-2,,,27544,110,721,426,645,192808,550880,523336,3052,2484,0.00019968051118210862,0.015466163229741505,0.0013776999862421084,0.02617629973860006,0.003345296875648313,0.8138925294888598
two_room_v1,phase1_baseline,span30_fixed_seed42,,,linear_interp,,,27544,0,42,42,42,192808,550880,523336,2491,2449,0.0,0.0015248329944815568,8.025436813060825e-05,0.0015248329944815568,0.00021783328492593667,0.9831393014853472
two_room_v1,phase1_baseline,span30_fixed_seed42,,,savgol_w5_p2,,,27544,0,65,60,42,192808,550880,523336,2504,2439,0.0,0.0021783328492593667,0.0001242031887735604,0.0023598605866976476,0.00021783328492593667,0.9740415335463258
two_room_v1,refinement,span20_fixed_seed42,missing_drift,kalman_cv_dt1.0_q1e-3_r1e-2,ddpm_prior_interface_v0,ddpm_prior_interface_v0,,27544,289,1001,687,239,137720,550880,523336,2224,1524,0.0005246151611966309,0.02494191112401975,0.00191272910711283,0.03634185303514377,0.0017354051699099622,0.685251798561151
two_room_v1,refinement,span20_fixed_seed42,missing_drift,kalman_cv_dt1.0_q1e-3_r1e-2,ddpm_prior_masked_blend_v2_alpha0.25,ddpm_prior_masked_blend_v2_alpha0.25,0.25,27544,101,940,785,275,137720,550880,523336,3122,2308,0.00018334301481266337,0.02849985477781005,0.0017961691914945657,0.03412721463839675,0.001996805111821086,0.7392696989109545
two_room_v1,refinement,span20_fixed_seed42,missing_drift,kalman_cv_dt1.0_q1e-3_r1e-2,ddpm_prior_masked_replace_v1,ddpm_prior_masked_replace_v1,,27544,127,983,799,318,137720,550880,523336,3394,2561,0.00023054022654661632,0.029008132442637235,0.0018783343779139978,0.03568835318036596,0.002309032820214929,0.7545668827342369
two_room_v1,refinement,span20_fixed_seed42,missing_drift,kalman_cv_dt1.0_q1e-3_r1e-2,identity_refiner,identity_refiner,,27544,102,1017,828,352,137720,550880,523336,3232,2341,0.00018515829218704617,0.030060993319779263,0.001943302199734014,0.03692274179494627,0.0025559105431309905,0.724319306930693
two_room_v1,refinement,span20_fixed_seed42,missing_drift,kalman_cv_dt1.0_q1e-3_r1e-2,light_savgol_refiner,light_savgol_refiner,,27544,95,965,802,280,137720,550880,523336,3169,2319,0.00017245135056636655,0.029117049085100204,0.0018439396487151657,0.03503485332558815,0.0020331106593087424,0.7317765856737141
two_room_v1,refinement,span20_fixed_seed42,missing_drift,linear_interp,ddpm_prior_interface_v0,ddpm_prior_interface_v0,,27544,277,1002,713,221,137720,550880,523336,2186,1467,0.0005028318327040372,0.02588585535869881,0.001914639925401654,0.03637815858263142,0.0016047051989544002,0.6710887465690759
two_room_v1,refinement,span20_fixed_seed42,missing_drift,linear_interp,ddpm_prior_masked_blend_v2_alpha0.25,ddpm_prior_masked_blend_v2_alpha0.25,0.25,27544,54,752,705,112,137720,550880,523336,2989,2294,9.80249782166715e-05,0.02559541097879756,0.0014369353531956525,0.027301771710717397,0.000813244263723497,0.767480762796922
two_room_v1,refinement,span20_fixed_seed42,missing_drift,linear_interp,ddpm_prior_masked_replace_v1,ddpm_prior_masked_replace_v1,,27544,109,945,794,305,137720,550880,523336,3373,2555,0.00019786523380772582,0.028826604705198954,0.0018057232829386857,0.034308742375835026,0.002214638396747023,0.7574859175807886
two_room_v1,refinement,span20_fixed_seed42,missing_drift,linear_interp,identity_refiner,identity_refiner,,27544,51,730,687,90,137720,550880,523336,2987,2309,9.257914609352308e-05,0.02494191112401975,0.0013948973508415244,0.026503049665988963,0.00065349985477781,0.7730164044191496
two_room_v1,refinement,span20_fixed_seed42,missing_drift,linear_interp,light_savgol_refiner,light_savgol_refiner,,27544,49,724,686,88,137720,550880,523336,2985,2310,8.894859134475748e-05,0.024905605576532094,0.0013834324411085804,0.026285216381063025,0.0006389776357827476,0.7738693467336684
two_room_v1,refinement,span20_fixed_seed42,missing_drift,savgol_w5_p2,ddpm_prior_interface_v0,ddpm_prior_interface_v0,,27544,276,999,712,219,137720,550880,523336,2186,1469,0.0005010165553296544,0.025849549811211153,0.001908907470535182,0.03626924194016846,0.0015901829799593377,0.672003659652333
two_room_v1,refinement,span20_fixed_seed42,missing_drift,savgol_w5_p2,ddpm_prior_masked_blend_v2_alpha0.25,ddpm_prior_masked_blend_v2_alpha0.25,0.25,27544,52,745,703,109,137720,550880,523336,2987,2296,9.43944234679059e-05,0.025522799883822247,0.0014235596251738845,0.027047632878303803,0.0007914609352309033,0.7686642115835286
two_room_v1,refinement,span20_fixed_seed42,missing_drift,savgol_w5_p2,ddpm_prior_masked_replace_v1,ddpm_prior_masked_replace_v1,,27544,107,940,797,304,137720,550880,523336,3371,2555,0.0001942346790589602,0.028935521347661922,0.0017961691914945657,0.03412721463839675,0.002207377287249492,0.7579353307623851
two_room_v1,refinement,span20_fixed_seed42,missing_drift,savgol_w5_p2,identity_refiner,identity_refiner,,27544,49,724,686,88,137720,550880,523336,2985,2310,8.894859134475748e-05,0.024905605576532094,0.0013834324411085804,0.026285216381063025,0.0006389776357827476,0.7738693467336684
two_room_v1,refinement,span20_fixed_seed42,missing_drift,savgol_w5_p2,light_savgol_refiner,light_savgol_refiner,,27544,49,726,687,88,137720,550880,523336,2985,2308,8.894859134475748e-05,0.02494191112401975,0.0013872540776862284,0.026357827476038338,0.0006389776357827476,0.7731993299832496
two_room_v1,refinement,span20_fixed_seed42,missing_noise,kalman_cv_dt1.0_q1e-3_r1e-2,ddpm_prior_interface_v0,ddpm_prior_interface_v0,,27544,226,1410,788,362,137720,550880,523336,2849,1710,0.0004102526866105141,0.02860877142027302,0.0026942537872418483,0.05119082195759512,0.0026285216381063026,0.6002106002106002
two_room_v1,refinement,span20_fixed_seed42,missing_noise,kalman_cv_dt1.0_q1e-3_r1e-2,ddpm_prior_masked_blend_v2_alpha0.25,ddpm_prior_masked_blend_v2_alpha0.25,0.25,27544,99,1893,1028,500,137720,550880,523336,4273,2520,0.00017971246006389776,0.037322102817310486,0.003617179020743843,0.06872640139413302,0.0036305547487656114,0.5897495904516733
two_room_v1,refinement,span20_fixed_seed42,missing_noise,kalman_cv_dt1.0_q1e-3_r1e-2,ddpm_prior_masked_replace_v1,ddpm_prior_masked_replace_v1,,27544,108,1840,990,447,137720,550880,523336,4476,2781,0.000196049956433343,0.035942492012779555,0.0035159056514361712,0.06680220737728725,0.0032457159453964566,0.621313672922252
two_room_v1,refinement,span20_fixed_seed42,missing_noise,kalman_cv_dt1.0_q1e-3_r1e-2,identity_refiner,identity_refiner,,27544,118,2005,1075,612,137720,550880,523336,4414,2576,0.00021420273017717107,0.03902846354923032,0.003831190669092132,0.07279262271275051,0.004443799012489109,0.583597643860444
two_room_v1,refinement,span20_fixed_seed42,missing_noise,kalman_cv_dt1.0_q1e-3_r1e-2,light_savgol_refiner,light_savgol_refiner,,27544,98,1490,919,502,137720,550880,523336,3804,2447,0.00017789718268951496,0.03336479814115597,0.002847119250347769,0.054095265756607606,0.003645076967760674,0.6432702418506835
two_room_v1,refinement,span20_fixed_seed42,missing_noise,linear_interp,ddpm_prior_interface_v0,ddpm_prior_interface_v0,,27544,230,1835,823,227,137720,550880,523336,3345,1810,0.0004175137961080453,0.029879465582340982,0.003506351559992051,0.06662067963984897,0.0016482718559395876,0.5411061285500748
two_room_v1,refinement,span20_fixed_seed42,missing_noise,linear_interp,ddpm_prior_masked_blend_v2_alpha0.25,ddpm_prior_masked_blend_v2_alpha0.25,0.25,27544,96,2604,1141,218,137720,550880,523336,5265,2799,0.00017426662794074935,0.04142462968341563,0.004975770824097712,0.09453964565785652,0.0015829218704618065,0.5316239316239316
two_room_v1,refinement,span20_fixed_seed42,missing_noise,linear_interp,ddpm_prior_masked_replace_v1,ddpm_prior_masked_replace_v1,,27544,134,2764,1205,378,137720,550880,523336,5663,3085,0.00024324716816729596,0.043748184722625615,0.005281501750309552,0.1003485332558815,0.0027446993900668024,0.5447642592265584
two_room_v1,refinement,span20_fixed_seed42,missing_noise,linear_interp,identity_refiner,identity_refiner,,27544,93,2581,1126,195,137720,550880,523336,5249,2803,0.00016882079581760092,0.04088004647110079,0.00493182200345476,0.09370461806564043,0.0014159163520185885,0.5340064774242713
two_room_v1,refinement,span20_fixed_seed42,missing_noise,linear_interp,light_savgol_refiner,light_savgol_refiner,,27544,59,1384,839,245,137720,550880,523336,3773,2459,0.00010710136508858553,0.03046035434214348,0.002644572511732424,0.05024687772291606,0.0017789718268951496,0.6517360190829579
two_room_v1,refinement,span20_fixed_seed42,missing_noise,savgol_w5_p2,ddpm_prior_interface_v0,ddpm_prior_interface_v0,,27544,230,1187,721,242,137720,550880,523336,2475,1555,0.0004175137961080453,0.02617629973860006,0.002268141308834095,0.04309468486784781,0.001757188498402556,0.6282828282828283
two_room_v1,refinement,span20_fixed_seed42,missing_noise,savgol_w5_p2,ddpm_prior_masked_blend_v2_alpha0.25,ddpm_prior_masked_blend_v2_alpha0.25,0.25,27544,62,1375,845,236,137720,550880,523336,3753,2453,0.00011254719721173395,0.030678187627069416,0.0026273751471330084,0.04992012779552716,0.0017136218414173685,0.6536104449773514
two_room_v1,refinement,span20_fixed_seed42,missing_noise,savgol_w5_p2,ddpm_prior_masked_replace_v1,ddpm_prior_masked_replace_v1,,27544,104,1493,910,354,137720,550880,523336,4085,2722,0.0001887888469358118,0.03303804821376707,0.0028528517052142407,0.05420418239907058,0.002570432762126053,0.6663402692778457
two_room_v1,refinement,span20_fixed_seed42,missing_noise,savgol_w5_p2,identity_refiner,identity_refiner,,27544,59,1384,839,245,137720,550880,523336,3773,2459,0.00010710136508858553,0.03046035434214348,0.002644572511732424,0.05024687772291606,0.0017789718268951496,0.6517360190829579
two_room_v1,refinement,span20_fixed_seed42,missing_noise,savgol_w5_p2,light_savgol_refiner,light_savgol_refiner,,27544,54,1187,796,202,137720,550880,523336,3541,2418,9.80249782166715e-05,0.028899215800174266,0.002268141308834095,0.04309468486784781,0.001466744118501307,0.6828579497317142
two_room_v1,refinement,span20_fixed_seed42,missing_noise_drift,kalman_cv_dt1.0_q1e-3_r1e-2,ddpm_prior_interface_v0,ddpm_prior_interface_v0,,27544,302,1763,942,368,137720,550880,523336,3074,1656,0.0005482137670636073,0.03419982573337206,0.0033687726431967224,0.06400668022073773,0.00267208829509149,0.538711776187378
two_room_v1,refinement,span20_fixed_seed42,missing_noise_drift,kalman_cv_dt1.0_q1e-3_r1e-2,ddpm_prior_masked_blend_v2_alpha0.25,ddpm_prior_masked_blend_v2_alpha0.25,0.25,27544,200,2345,1276,531,137720,550880,523336,4569,2478,0.00036305547487656113,0.0463258785942492,0.004480868887292294,0.08513650885855359,0.003855649143189079,0.5423506237688772
two_room_v1,refinement,span20_fixed_seed42,missing_noise_drift,kalman_cv_dt1.0_q1e-3_r1e-2,ddpm_prior_masked_replace_v1,ddpm_prior_masked_replace_v1,,27544,197,2283,1242,469,137720,550880,523336,4761,2716,0.0003576096427534127,0.04509148997966889,0.0043623981533852055,0.08288556491431891,0.0034054603543421436,0.5704683889939088
two_room_v1,refinement,span20_fixed_seed42,missing_noise_drift,kalman_cv_dt1.0_q1e-3_r1e-2,identity_refiner,identity_refiner,,27544,217,2471,1333,657,137720,550880,523336,4729,2536,0.00039391519024106883,0.048395294801045596,0.004721631991684119,0.08971100784199826,0.004770548939878013,0.5362655952632692
two_room_v1,refinement,span20_fixed_seed42,missing_noise_drift,kalman_cv_dt1.0_q1e-3_r1e-2,light_savgol_refiner,light_savgol_refiner,,27544,197,1915,1202,527,137720,550880,523336,4090,2414,0.0003576096427534127,0.04363926808016265,0.0036592170230979717,0.06952512343886146,0.0038266047051989543,0.5902200488997555
two_room_v1,refinement,span20_fixed_seed42,missing_noise_drift,linear_interp,ddpm_prior_interface_v0,ddpm_prior_interface_v0,,27544,299,2304,1001,276,137720,550880,523336,3713,1777,0.0005427679349404589,0.03634185303514377,0.004402525337450509,0.08364798141155969,0.0020040662213186176,0.4785887422569351
two_room_v1,refinement,span20_fixed_seed42,missing_noise_drift,linear_interp,ddpm_prior_masked_blend_v2_alpha0.25,ddpm_prior_masked_blend_v2_alpha0.25,0.25,27544,204,3250,1388,257,137720,550880,523336,5743,2765,0.00037031658437409234,0.05039209991286669,0.006210159438678019,0.11799302933488237,0.0018661051408655242,0.48145568518196064
two_room_v1,refinement,span20_fixed_seed42,missing_noise_drift,linear_interp,ddpm_prior_masked_replace_v1,ddpm_prior_masked_replace_v1,,27544,234,3455,1463,462,137720,550880,523336,6161,3014,0.00042477490560557653,0.0531150159744409,0.00660187718788694,0.12543566656985186,0.003354632587859425,0.48920629767894824
two_room_v1,refinement,span20_fixed_seed42,missing_noise_drift,linear_interp,identity_refiner,identity_refiner,,27544,198,3229,1375,236,137720,550880,523336,5735,2772,0.0003594249201277955,0.04992012779552716,0.006170032254612715,0.11723061283764159,0.0017136218414173685,0.48334786399302526
two_room_v1,refinement,span20_fixed_seed42,missing_noise_drift,linear_interp,light_savgol_refiner,light_savgol_refiner,,27544,156,1896,1115,294,137720,550880,523336,4120,2406,0.0002831832704037177,0.040480685448736564,0.0036229114756103154,0.068835318036596,0.0021347661922741794,0.5839805825242719
two_room_v1,refinement,span20_fixed_seed42,missing_noise_drift,savgol_w5_p2,ddpm_prior_interface_v0,ddpm_prior_interface_v0,,27544,289,1552,890,305,137720,550880,523336,2769,1536,0.0005246151611966309,0.03231193726401394,0.002965589984254857,0.05634620970084229,0.002214638396747023,0.5547128927410617
two_room_v1,refinement,span20_fixed_seed42,missing_noise_drift,savgol_w5_p2,ddpm_prior_masked_blend_v2_alpha0.25,ddpm_prior_masked_blend_v2_alpha0.25,0.25,27544,163,1912,1126,310,137720,550880,523336,4120,2398,0.0002958902120243973,0.04088004647110079,0.0036534845682314994,0.06941620679639848,0.002250943944234679,0.5820388349514564
two_room_v1,refinement,span20_fixed_seed42,missing_noise_drift,savgol_w5_p2,ddpm_prior_masked_replace_v1,ddpm_prior_masked_replace_v1,,27544,191,2051,1197,449,137720,550880,523336,4470,2643,0.0003467179785071159,0.04345774034272437,0.003919088310378036,0.0744626778971827,0.003260238164391519,0.5912751677852349
two_room_v1,refinement,span20_fixed_seed42,missing_noise_drift,savgol_w5_p2,identity_refiner,identity_refiner,,27544,156,1896,1115,294,137720,550880,523336,4120,2406,0.0002831832704037177,0.040480685448736564,0.0036229114756103154,0.068835318036596,0.0021347661922741794,0.5839805825242719
two_room_v1,refinement,span20_fixed_seed42,missing_noise_drift,savgol_w5_p2,light_savgol_refiner,light_savgol_refiner,,27544,149,1652,1079,252,137720,550880,523336,3861,2375,0.00027047632878303803,0.039173685739180945,0.003156671813137258,0.0599767644496079,0.0018297995933778681,0.6151256151256151
two_room_v1,refinement,span20_fixed_seed42,missing_only,kalman_cv_dt1.0_q1e-3_r1e-2,ddpm_prior_interface_v0,ddpm_prior_interface_v0,,27544,222,658,424,228,137720,550880,523336,1928,1516,0.00040299157711298284,0.015393552134766193,0.001257318434046196,0.02388905024687772,0.0016555329654371188,0.7863070539419087
two_room_v1,refinement,span20_fixed_seed42,missing_only,kalman_cv_dt1.0_q1e-3_r1e-2,ddpm_prior_masked_blend_v2_alpha0.25,ddpm_prior_masked_blend_v2_alpha0.25,0.25,27544,28,276,207,188,137720,550880,523336,2640,2409,5.082776648271856e-05,0.007515248329944816,0.0005273858477154256,0.010020331106593087,0.00136508858553587,0.9125
two_room_v1,refinement,span20_fixed_seed42,missing_only,kalman_cv_dt1.0_q1e-3_r1e-2,ddpm_prior_masked_replace_v1,ddpm_prior_masked_replace_v1,,27544,74,346,250,258,137720,550880,523336,2890,2642,0.00013433052570432761,0.009076386871914028,0.000661143127933106,0.012561719430729016,0.0018733662503630554,0.9141868512110727
two_room_v1,refinement,span20_fixed_seed42,missing_only,kalman_cv_dt1.0_q1e-3_r1e-2,identity_refiner,identity_refiner,,27544,44,408,270,320,137720,550880,523336,2792,2450,7.987220447284345e-05,0.009802497821667151,0.0007796138618401944,0.014812663374963694,0.0023235550392099913,0.8775071633237822
two_room_v1,refinement,span20_fixed_seed42,missing_only,kalman_cv_dt1.0_q1e-3_r1e-2,light_savgol_refiner,light_savgol_refiner,,27544,35,345,245,237,137720,550880,523336,2710,2419,6.35347081033982e-05,0.008894859134475748,0.000659232309644282,0.01252541388324136,0.0017208829509148997,0.892619926199262
two_room_v1,refinement,span20_fixed_seed42,missing_only,linear_interp,ddpm_prior_interface_v0,ddpm_prior_interface_v0,,27544,208,634,431,181,137720,550880,523336,1881,1469,0.0003775776938716236,0.015647690967179786,0.0012114587951144197,0.023017717107173975,0.0013142608190531513,0.7809675704412546
two_room_v1,refinement,span20_fixed_seed42,missing_only,linear_interp,ddpm_prior_masked_blend_v2_alpha0.25,ddpm_prior_masked_blend_v2_alpha0.25,0.25,27544,0,43,43,43,137720,550880,523336,2491,2448,0.0,0.0015611385419692129,8.216518641943226e-05,0.0015611385419692129,0.0003122277083938426,0.9827378562826175
two_room_v1,refinement,span20_fixed_seed42,missing_only,linear_interp,ddpm_prior_masked_replace_v1,ddpm_prior_masked_replace_v1,,27544,50,234,164,234,137720,550880,523336,2859,2689,9.076386871914028e-05,0.005954109787975602,0.0004471314795848174,0.00849549811211153,0.0016990996224223061,0.9405386498775796
two_room_v1,refinement,span20_fixed_seed42,missing_only,linear_interp,identity_refiner,identity_refiner,,27544,0,24,24,24,137720,550880,523336,2491,2467,0.0,0.0008713331397037467,4.585963893177614e-05,0.0008713331397037467,0.00017426662794074935,0.9903653151344841
two_room_v1,refinement,span20_fixed_seed42,missing_only,linear_interp,light_savgol_refiner,light_savgol_refiner,,27544,0,49,44,24,137720,550880,523336,2504,2455,0.0,0.001597444089456869,9.36300961523763e-05,0.0017789718268951496,0.00017426662794074935,0.9804313099041534
two_room_v1,refinement,span20_fixed_seed42,missing_only,savgol_w5_p2,ddpm_prior_interface_v0,ddpm_prior_interface_v0,,27544,209,636,432,181,137720,550880,523336,1881,1468,0.0003793929712460064,0.015683996514667443,0.0012152804316920677,0.023090328202149287,0.0013142608190531513,0.7804359383306751
two_room_v1,refinement,span20_fixed_seed42,missing_only,savgol_w5_p2,ddpm_prior_masked_blend_v2_alpha0.25,ddpm_prior_masked_blend_v2_alpha0.25,0.25,27544,0,68,63,43,137720,550880,523336,2504,2436,0.0,0.002287249491722335,0.0001299356436400324,0.002468777229160616,0.0003122277083938426,0.9728434504792333
two_room_v1,refinement,span20_fixed_seed42,missing_only,savgol_w5_p2,ddpm_prior_masked_replace_v1,ddpm_prior_masked_replace_v1,,27544,50,259,182,234,137720,550880,523336,2866,2671,9.076386871914028e-05,0.0066076096427534125,0.0004949019368054176,0.009403136799302934,0.0016990996224223061,0.9319609211444522
two_room_v1,refinement,span20_fixed_seed42,missing_only,savgol_w5_p2,identity_refiner,identity_refiner,,27544,0,49,44,24,137720,550880,523336,2504,2455,0.0,0.001597444089456869,9.36300961523763e-05,0.0017789718268951496,0.00017426662794074935,0.9804313099041534
two_room_v1,refinement,span20_fixed_seed42,missing_only,savgol_w5_p2,light_savgol_refiner,light_savgol_refiner,,27544,0,53,48,26,137720,550880,523336,2504,2451,0.0,0.0017426662794074934,0.00010127336930767231,0.001924194016845774,0.0001887888469358118,0.9788338658146964
two_room_v1,refinement_alpha_sweep,span20_fixed_seed42,missing_drift,kalman_cv_dt1.0_q1e-3_r1e-2,ddpm_prior_masked_blend_v2_alpha0.00,ddpm_prior_masked_blend_v2_alpha0.00,0.0,27544,102,1017,828,352,137720,550880,523336,3232,2341,0.00018515829218704617,0.030060993319779263,0.001943302199734014,0.03692274179494627,0.0025559105431309905,0.724319306930693
two_room_v1,refinement_alpha_sweep,span20_fixed_seed42,missing_drift,kalman_cv_dt1.0_q1e-3_r1e-2,ddpm_prior_masked_blend_v2_alpha0.05,ddpm_prior_masked_blend_v2_alpha0.05,0.05,27544,97,986,815,321,137720,550880,523336,3198,2333,0.00017608190531513216,0.02958902120243973,0.00188406683278047,0.03579726982282893,0.0023308161487075223,0.7295184490306441
two_room_v1,refinement_alpha_sweep,span20_fixed_seed42,missing_drift,kalman_cv_dt1.0_q1e-3_r1e-2,ddpm_prior_masked_blend_v2_alpha0.10,ddpm_prior_masked_blend_v2_alpha0.10,0.1,27544,97,967,803,302,137720,550880,523336,3180,2333,0.00017608190531513216,0.02915335463258786,0.0018477612852928137,0.035107464420563464,0.002192855068254429,0.7336477987421384
two_room_v1,refinement_alpha_sweep,span20_fixed_seed42,missing_drift,kalman_cv_dt1.0_q1e-3_r1e-2,ddpm_prior_masked_blend_v2_alpha0.25,ddpm_prior_masked_blend_v2_alpha0.25,0.25,27544,101,940,785,275,137720,550880,523336,3122,2308,0.00018334301481266337,0.02849985477781005,0.0017961691914945657,0.03412721463839675,0.001996805111821086,0.7392696989109545
two_room_v1,refinement_alpha_sweep,span20_fixed_seed42,missing_drift,kalman_cv_dt1.0_q1e-3_r1e-2,ddpm_prior_masked_blend_v2_alpha0.50,ddpm_prior_masked_blend_v2_alpha0.50,0.5,27544,92,887,762,222,137720,550880,523336,3098,2319,0.00016700551844321812,0.02766482718559396,0.0016948958221868933,0.032203020621550976,0.0016119663084519314,0.7485474499677212
two_room_v1,refinement_alpha_sweep,span20_fixed_seed42,missing_drift,kalman_cv_dt1.0_q1e-3_r1e-2,ddpm_prior_masked_blend_v2_alpha0.75,ddpm_prior_masked_blend_v2_alpha0.75,0.75,27544,110,919,767,254,137720,550880,523336,3226,2435,0.00019968051118210862,0.027846354923032238,0.0017560420074292616,0.03336479814115597,0.0018443218123729305,0.754804711717297
two_room_v1,refinement_alpha_sweep,span20_fixed_seed42,missing_drift,kalman_cv_dt1.0_q1e-3_r1e-2,ddpm_prior_masked_blend_v2_alpha1.00,ddpm_prior_masked_blend_v2_alpha1.00,1.0,27544,127,983,799,318,137720,550880,523336,3394,2561,0.00023054022654661632,0.029008132442637235,0.0018783343779139978,0.03568835318036596,0.002309032820214929,0.7545668827342369
two_room_v1,refinement_alpha_sweep,span20_fixed_seed42,missing_drift,linear_interp,ddpm_prior_masked_blend_v2_alpha0.00,ddpm_prior_masked_blend_v2_alpha0.00,0.0,27544,51,730,687,90,137720,550880,523336,2987,2309,9.257914609352308e-05,0.02494191112401975,0.0013948973508415244,0.026503049665988963,0.00065349985477781,0.7730164044191496
two_room_v1,refinement_alpha_sweep,span20_fixed_seed42,missing_drift,linear_interp,ddpm_prior_masked_blend_v2_alpha0.05,ddpm_prior_masked_blend_v2_alpha0.05,0.05,27544,51,732,689,92,137720,550880,523336,2987,2307,9.257914609352308e-05,0.025014522218995063,0.0013987189874191724,0.026575660760964275,0.0006680220737728725,0.7723468362905925
two_room_v1,refinement_alpha_sweep,span20_fixed_seed42,missing_drift,linear_interp,ddpm_prior_masked_blend_v2_alpha0.10,ddpm_prior_masked_blend_v2_alpha0.10,0.1,27544,51,735,692,95,137720,550880,523336,2987,2304,9.257914609352308e-05,0.02512343886145803,0.0014044514422856444,0.026684577403427244,0.0006898054022654662,0.771342484097757
two_room_v1,refinement_alpha_sweep,span20_fixed_seed42,missing_drift,linear_interp,ddpm_prior_masked_blend_v2_alpha0.25,ddpm_prior_masked_blend_v2_alpha0.25,0.25,27544,54,752,705,112,137720,550880,523336,2989,2294,9.80249782166715e-05,0.02559541097879756,0.0014369353531956525,0.027301771710717397,0.000813244263723497,0.767480762796922
two_room_v1,refinement_alpha_sweep,span20_fixed_seed42,missing_drift,linear_interp,ddpm_prior_masked_blend_v2_alpha0.50,ddpm_prior_masked_blend_v2_alpha0.50,0.5,27544,69,808,730,168,137720,550880,523336,3045,2314,0.0001252541388324136,0.026503049665988963,0.0015439411773697969,0.02933488237002614,0.0012198663955852453,0.7599343185550083
two_room_v1,refinement_alpha_sweep,span20_fixed_seed42,missing_drift,linear_interp,ddpm_prior_masked_blend_v2_alpha0.75,ddpm_prior_masked_blend_v2_alpha0.75,0.75,27544,87,874,759,234,137720,550880,523336,3207,2432,0.0001579291315713041,0.02755591054313099,0.0016700551844321813,0.03173104850421144,0.0016990996224223061,0.758341128780792
two_room_v1,refinement_alpha_sweep,span20_fixed_seed42,missing_drift,linear_interp,ddpm_prior_masked_blend_v2_alpha1.00,ddpm_prior_masked_blend_v2_alpha1.00,1.0,27544,109,945,794,305,137720,550880,523336,3373,2555,0.00019786523380772582,0.028826604705198954,0.0018057232829386857,0.034308742375835026,0.002214638396747023,0.7574859175807886
two_room_v1,refinement_alpha_sweep,span20_fixed_seed42,missing_drift,savgol_w5_p2,ddpm_prior_masked_blend_v2_alpha0.00,ddpm_prior_masked_blend_v2_alpha0.00,0.0,27544,49,724,686,88,137720,550880,523336,2985,2310,8.894859134475748e-05,0.024905605576532094,0.0013834324411085804,0.026285216381063025,0.0006389776357827476,0.7738693467336684
two_room_v1,refinement_alpha_sweep,span20_fixed_seed42,missing_drift,savgol_w5_p2,ddpm_prior_masked_blend_v2_alpha0.05,ddpm_prior_masked_blend_v2_alpha0.05,0.05,27544,49,724,686,88,137720,550880,523336,2985,2310,8.894859134475748e-05,0.024905605576532094,0.0013834324411085804,0.026285216381063025,0.0006389776357827476,0.7738693467336684
two_room_v1,refinement_alpha_sweep,span20_fixed_seed42,missing_drift,savgol_w5_p2,ddpm_prior_masked_blend_v2_alpha0.10,ddpm_prior_masked_blend_v2_alpha0.10,0.1,27544,49,728,690,92,137720,550880,523336,2985,2306,8.894859134475748e-05,0.02505082776648272,0.0013910757142638764,0.02643043857101365,0.0006680220737728725,0.7725293132328308
two_room_v1,refinement_alpha_sweep,span20_fixed_seed42,missing_drift,savgol_w5_p2,ddpm_prior_masked_blend_v2_alpha0.25,ddpm_prior_masked_blend_v2_alpha0.25,0.25,27544,52,745,703,109,137720,550880,523336,2987,2296,9.43944234679059e-05,0.025522799883822247,0.0014235596251738845,0.027047632878303803,0.0007914609352309033,0.7686642115835286
two_room_v1,refinement_alpha_sweep,span20_fixed_seed42,missing_drift,savgol_w5_p2,ddpm_prior_masked_blend_v2_alpha0.50,ddpm_prior_masked_blend_v2_alpha0.50,0.5,27544,67,798,728,162,137720,550880,523336,3037,2313,0.00012162358408364798,0.02643043857101365,0.0015248329944815568,0.02897182689514958,0.001176299738600058,0.7616068488640105
two_room_v1,refinement_alpha_sweep,span20_fixed_seed42,missing_drift,savgol_w5_p2,ddpm_prior_masked_blend_v2_alpha0.75,ddpm_prior_masked_blend_v2_alpha0.75,0.75,27544,85,867,758,231,137720,550880,523336,3203,2432,0.0001542985768225385,0.027519604995643335,0.0016566794564104132,0.03147690967179785,0.0016773162939297125,0.7592881673431159
two_room_v1,refinement_alpha_sweep,span20_fixed_seed42,missing_drift,savgol_w5_p2,ddpm_prior_masked_blend_v2_alpha1.00,ddpm_prior_masked_blend_v2_alpha1.00,1.0,27544,107,940,797,304,137720,550880,523336,3371,2555,0.0001942346790589602,0.028935521347661922,0.0017961691914945657,0.03412721463839675,0.002207377287249492,0.7579353307623851
two_room_v1,refinement_alpha_sweep,span20_fixed_seed42,missing_noise,kalman_cv_dt1.0_q1e-3_r1e-2,ddpm_prior_masked_blend_v2_alpha0.00,ddpm_prior_masked_blend_v2_alpha0.00,0.0,27544,118,2005,1075,612,137720,550880,523336,4414,2576,0.00021420273017717107,0.03902846354923032,0.003831190669092132,0.07279262271275051,0.004443799012489109,0.583597643860444
two_room_v1,refinement_alpha_sweep,span20_fixed_seed42,missing_noise,kalman_cv_dt1.0_q1e-3_r1e-2,ddpm_prior_masked_blend_v2_alpha0.05,ddpm_prior_masked_blend_v2_alpha0.05,0.05,27544,114,1994,1069,601,137720,550880,523336,4396,2564,0.00020694162067963986,0.03881063026430438,0.003810171667915068,0.07239326169038629,0.004363926808016265,0.5832575068243858
two_room_v1,refinement_alpha_sweep,span20_fixed_seed42,missing_noise,kalman_cv_dt1.0_q1e-3_r1e-2,ddpm_prior_masked_blend_v2_alpha0.10,ddpm_prior_masked_blend_v2_alpha0.10,0.1,27544,110,1963,1058,570,137720,550880,523336,4356,2550,0.00019968051118210862,0.03841126924194017,0.003750936300961524,0.07126778971826896,0.004138832413592797,0.5853994490358126
two_room_v1,refinement_alpha_sweep,span20_fixed_seed42,missing_noise,kalman_cv_dt1.0_q1e-3_r1e-2,ddpm_prior_masked_blend_v2_alpha0.25,ddpm_prior_masked_blend_v2_alpha0.25,0.25,27544,99,1893,1028,500,137720,550880,523336,4273,2520,0.00017971246006389776,0.037322102817310486,0.003617179020743843,0.06872640139413302,0.0036305547487656114,0.5897495904516733
two_room_v1,refinement_alpha_sweep,span20_fixed_seed42,missing_noise,kalman_cv_dt1.0_q1e-3_r1e-2,ddpm_prior_masked_blend_v2_alpha0.50,ddpm_prior_masked_blend_v2_alpha0.50,0.5,27544,91,1820,988,427,137720,550880,523336,4210,2513,0.0001651902410688353,0.03586988091780424,0.0034776892856596907,0.06607609642753413,0.003100493755445832,0.5969121140142518
two_room_v1,refinement_alpha_sweep,span20_fixed_seed42,missing_noise,kalman_cv_dt1.0_q1e-3_r1e-2,ddpm_prior_masked_blend_v2_alpha0.75,ddpm_prior_masked_blend_v2_alpha0.75,0.75,27544,92,1798,980,405,137720,550880,523336,4306,2632,0.00016700551844321812,0.03557943653790299,0.0034356512833055627,0.06527737438280569,0.0029407493465001453,0.6112401300510915
two_room_v1,refinement_alpha_sweep,span20_fixed_seed42,missing_noise,kalman_cv_dt1.0_q1e-3_r1e-2,ddpm_prior_masked_blend_v2_alpha1.00,ddpm_prior_masked_blend_v2_alpha1.00,1.0,27544,108,1840,990,447,137720,550880,523336,4476,2781,0.000196049956433343,0.035942492012779555,0.0035159056514361712,0.06680220737728725,0.0032457159453964566,0.621313672922252
two_room_v1,refinement_alpha_sweep,span20_fixed_seed42,missing_noise,linear_interp,ddpm_prior_masked_blend_v2_alpha0.00,ddpm_prior_masked_blend_v2_alpha0.00,0.0,27544,93,2581,1126,195,137720,550880,523336,5249,2803,0.00016882079581760092,0.04088004647110079,0.00493182200345476,0.09370461806564043,0.0014159163520185885,0.5340064774242713
two_room_v1,refinement_alpha_sweep,span20_fixed_seed42,missing_noise,linear_interp,ddpm_prior_masked_blend_v2_alpha0.05,ddpm_prior_masked_blend_v2_alpha0.05,0.05,27544,94,2585,1129,199,137720,550880,523336,5249,2800,0.00017063607319198375,0.04098896311356375,0.004939465276610056,0.09384984025559105,0.0014449607900087133,0.5334349399885693
two_room_v1,refinement_alpha_sweep,span20_fixed_seed42,missing_noise,linear_interp,ddpm_prior_masked_blend_v2_alpha0.10,ddpm_prior_masked_blend_v2_alpha0.10,0.1,27544,93,2587,1132,201,137720,550880,523336,5249,2797,0.00016882079581760092,0.041097879756026724,0.004943286913187703,0.09392245135056637,0.0014594830090037757,0.5328634025528672
two_room_v1,refinement_alpha_sweep,span20_fixed_seed42,missing_noise,linear_interp,ddpm_prior_masked_blend_v2_alpha0.25,ddpm_prior_masked_blend_v2_alpha0.25,0.25,27544,96,2604,1141,218,137720,550880,523336,5265,2799,0.00017426662794074935,0.04142462968341563,0.004975770824097712,0.09453964565785652,0.0015829218704618065,0.5316239316239316
two_room_v1,refinement_alpha_sweep,span20_fixed_seed42,missing_noise,linear_interp,ddpm_prior_masked_blend_v2_alpha0.50,ddpm_prior_masked_blend_v2_alpha0.50,0.5,27544,100,2652,1164,266,137720,550880,523336,5353,2846,0.00018152773743828056,0.04225965727563172,0.005067490101961264,0.09628231193726401,0.0019314551263433053,0.5316644872034373
two_room_v1,refinement_alpha_sweep,span20_fixed_seed42,missing_noise,linear_interp,ddpm_prior_masked_blend_v2_alpha0.75,ddpm_prior_masked_blend_v2_alpha0.75,0.75,27544,119,2703,1182,317,137720,550880,523336,5503,2968,0.00021601800755155387,0.042913157130409524,0.0051649418346912885,0.09813389485913447,0.0023017717107173975,0.5393421769943667
two_room_v1,refinement_alpha_sweep,span20_fixed_seed42,missing_noise,linear_interp,ddpm_prior_masked_blend_v2_alpha1.00,ddpm_prior_masked_blend_v2_alpha1.00,1.0,27544,134,2764,1205,378,137720,550880,523336,5663,3085,0.00024324716816729596,0.043748184722625615,0.005281501750309552,0.1003485332558815,0.0027446993900668024,0.5447642592265584
two_room_v1,refinement_alpha_sweep,span20_fixed_seed42,missing_noise,savgol_w5_p2,ddpm_prior_masked_blend_v2_alpha0.00,ddpm_prior_masked_blend_v2_alpha0.00,0.0,27544,59,1384,839,245,137720,550880,523336,3773,2459,0.00010710136508858553,0.03046035434214348,0.002644572511732424,0.05024687772291606,0.0017789718268951496,0.6517360190829579
two_room_v1,refinement_alpha_sweep,span20_fixed_seed42,missing_noise,savgol_w5_p2,ddpm_prior_masked_blend_v2_alpha0.05,ddpm_prior_masked_blend_v2_alpha0.05,0.05,27544,60,1376,838,237,137720,550880,523336,3765,2461,0.00010891664246296834,0.030424048794655822,0.002629285965421832,0.04995643334301481,0.0017208829509148997,0.653652058432935
two_room_v1,refinement_alpha_sweep,span20_fixed_seed42,missing_noise,savgol_w5_p2,ddpm_prior_masked_blend_v2_alpha0.10,ddpm_prior_masked_blend_v2_alpha0.10,0.1,27544,59,1372,838,233,137720,550880,523336,3761,2459,0.00010710136508858553,0.030424048794655822,0.002621642692266536,0.04981121115306419,0.001691838512924775,0.6538154746078171
two_room_v1,refinement_alpha_sweep,span20_fixed_seed42,missing_noise,savgol_w5_p2,ddpm_prior_masked_blend_v2_alpha0.25,ddpm_prior_masked_blend_v2_alpha0.25,0.25,27544,62,1375,845,236,137720,550880,523336,3753,2453,0.00011254719721173395,0.030678187627069416,0.0026273751471330084,0.04992012779552716,0.0017136218414173685,0.6536104449773514
two_room_v1,refinement_alpha_sweep,span20_fixed_seed42,missing_noise,savgol_w5_p2,ddpm_prior_masked_blend_v2_alpha0.50,ddpm_prior_masked_blend_v2_alpha0.50,0.5,27544,69,1403,864,264,137720,550880,523336,3809,2492,0.0001252541388324136,0.031367993029334885,0.0026808780592200805,0.05093668312518153,0.0019169329073482429,0.6542399579942242
two_room_v1,refinement_alpha_sweep,span20_fixed_seed42,missing_noise,savgol_w5_p2,ddpm_prior_masked_blend_v2_alpha0.75,ddpm_prior_masked_blend_v2_alpha0.75,0.75,27544,87,1438,881,299,137720,550880,523336,3941,2611,0.0001579291315713041,0.03198518733662504,0.002747756699328921,0.052207377287249494,0.0021710717397618357,0.6625222024866785
two_room_v1,refinement_alpha_sweep,span20_fixed_seed42,missing_noise,savgol_w5_p2,ddpm_prior_masked_blend_v2_alpha1.00,ddpm_prior_masked_blend_v2_alpha1.00,1.0,27544,104,1493,910,354,137720,550880,523336,4085,2722,0.0001887888469358118,0.03303804821376707,0.0028528517052142407,0.05420418239907058,0.002570432762126053,0.6663402692778457
two_room_v1,refinement_alpha_sweep,span20_fixed_seed42,missing_noise_drift,kalman_cv_dt1.0_q1e-3_r1e-2,ddpm_prior_masked_blend_v2_alpha0.00,ddpm_prior_masked_blend_v2_alpha0.00,0.0,27544,217,2471,1333,657,137720,550880,523336,4729,2536,0.00039391519024106883,0.048395294801045596,0.004721631991684119,0.08971100784199826,0.004770548939878013,0.5362655952632692
two_room_v1,refinement_alpha_sweep,span20_fixed_seed42,missing_noise_drift,kalman_cv_dt1.0_q1e-3_r1e-2,ddpm_prior_masked_blend_v2_alpha0.05,ddpm_prior_masked_blend_v2_alpha0.05,0.05,27544,211,2439,1319,625,137720,550880,523336,4697,2529,0.000383023525994772,0.047887017136218415,0.004660485806441751,0.08854923032239326,0.004538193435957014,0.5384287843304236
two_room_v1,refinement_alpha_sweep,span20_fixed_seed42,missing_noise_drift,kalman_cv_dt1.0_q1e-3_r1e-2,ddpm_prior_masked_blend_v2_alpha0.10,ddpm_prior_masked_blend_v2_alpha0.10,0.1,27544,207,2398,1304,584,137720,550880,523336,4649,2518,0.0003757624164972408,0.047342433923903575,0.004582142256599966,0.08706070287539937,0.004240487946558234,0.5416218541621854
two_room_v1,refinement_alpha_sweep,span20_fixed_seed42,missing_noise_drift,kalman_cv_dt1.0_q1e-3_r1e-2,ddpm_prior_masked_blend_v2_alpha0.25,ddpm_prior_masked_blend_v2_alpha0.25,0.25,27544,200,2345,1276,531,137720,550880,523336,4569,2478,0.00036305547487656113,0.0463258785942492,0.004480868887292294,0.08513650885855359,0.003855649143189079,0.5423506237688772
two_room_v1,refinement_alpha_sweep,span20_fixed_seed42,missing_noise_drift,kalman_cv_dt1.0_q1e-3_r1e-2,ddpm_prior_masked_blend_v2_alpha0.50,ddpm_prior_masked_blend_v2_alpha0.50,0.5,27544,185,2274,1255,460,137720,550880,523336,4517,2470,0.00033582631426081903,0.04556346209700842,0.00434520078878579,0.08255881498693,0.0033401103688643625,0.5468231126854106
two_room_v1,refinement_alpha_sweep,span20_fixed_seed42,missing_noise_drift,kalman_cv_dt1.0_q1e-3_r1e-2,ddpm_prior_masked_blend_v2_alpha0.75,ddpm_prior_masked_blend_v2_alpha0.75,0.75,27544,186,2260,1239,446,137720,550880,523336,4603,2569,0.00033764159163520184,0.04498257333720593,0.004318449332742253,0.08205053732210282,0.003238454835898925,0.5581142733000217
two_room_v1,refinement_alpha_sweep,span20_fixed_seed42,missing_noise_drift,kalman_cv_dt1.0_q1e-3_r1e-2,ddpm_prior_masked_blend_v2_alpha1.00,ddpm_prior_masked_blend_v2_alpha1.00,1.0,27544,197,2283,1242,469,137720,550880,523336,4761,2716,0.0003576096427534127,0.04509148997966889,0.0043623981533852055,0.08288556491431891,0.0034054603543421436,0.5704683889939088
two_room_v1,refinement_alpha_sweep,span20_fixed_seed42,missing_noise_drift,linear_interp,ddpm_prior_masked_blend_v2_alpha0.00,ddpm_prior_masked_blend_v2_alpha0.00,0.0,27544,198,3229,1375,236,137720,550880,523336,5735,2772,0.0003594249201277955,0.04992012779552716,0.006170032254612715,0.11723061283764159,0.0017136218414173685,0.48334786399302526
two_room_v1,refinement_alpha_sweep,span20_fixed_seed42,missing_noise_drift,linear_interp,ddpm_prior_masked_blend_v2_alpha0.05,ddpm_prior_masked_blend_v2_alpha0.05,0.05,27544,200,3232,1376,239,137720,550880,523336,5735,2771,0.00036305547487656113,0.04995643334301481,0.0061757647094791875,0.11733952948010457,0.0017354051699099622,0.4831734960767219
two_room_v1,refinement_alpha_sweep,span20_fixed_seed42,missing_noise_drift,linear_interp,ddpm_prior_masked_blend_v2_alpha0.10,ddpm_prior_masked_blend_v2_alpha0.10,0.1,27544,199,3236,1380,243,137720,550880,523336,5739,2770,0.0003612401975021783,0.05010165553296544,0.0061834079826344835,0.11748475167005519,0.0017644496079000872,0.48266248475344137
two_room_v1,refinement_alpha_sweep,span20_fixed_seed42,missing_noise_drift,linear_interp,ddpm_prior_masked_blend_v2_alpha0.25,ddpm_prior_masked_blend_v2_alpha0.25,0.25,27544,204,3250,1388,257,137720,550880,523336,5743,2765,0.00037031658437409234,0.05039209991286669,0.006210159438678019,0.11799302933488237,0.0018661051408655242,0.48145568518196064
two_room_v1,refinement_alpha_sweep,span20_fixed_seed42,missing_noise_drift,linear_interp,ddpm_prior_masked_blend_v2_alpha0.50,ddpm_prior_masked_blend_v2_alpha0.50,0.5,27544,211,3298,1405,305,137720,550880,523336,5819,2800,0.000383023525994772,0.05100929422015684,0.006301878716541572,0.11973569561428986,0.002214638396747023,0.4811823337343186
two_room_v1,refinement_alpha_sweep,span20_fixed_seed42,missing_noise_drift,linear_interp,ddpm_prior_masked_blend_v2_alpha0.75,ddpm_prior_masked_blend_v2_alpha0.75,0.75,27544,225,3368,1434,375,137720,550880,523336,5971,2898,0.0004084374092361313,0.05206215509729887,0.006435635996759252,0.12227708393842579,0.0027229160615742085,0.48534583821805394
two_room_v1,refinement_alpha_sweep,span20_fixed_seed42,missing_noise_drift,linear_interp,ddpm_prior_masked_blend_v2_alpha1.00,ddpm_prior_masked_blend_v2_alpha1.00,1.0,27544,234,3455,1463,462,137720,550880,523336,6161,3014,0.00042477490560557653,0.0531150159744409,0.00660187718788694,0.12543566656985186,0.003354632587859425,0.48920629767894824
two_room_v1,refinement_alpha_sweep,span20_fixed_seed42,missing_noise_drift,savgol_w5_p2,ddpm_prior_masked_blend_v2_alpha0.00,ddpm_prior_masked_blend_v2_alpha0.00,0.0,27544,156,1896,1115,294,137720,550880,523336,4120,2406,0.0002831832704037177,0.040480685448736564,0.0036229114756103154,0.068835318036596,0.0021347661922741794,0.5839805825242719
two_room_v1,refinement_alpha_sweep,span20_fixed_seed42,missing_noise_drift,savgol_w5_p2,ddpm_prior_masked_blend_v2_alpha0.05,ddpm_prior_masked_blend_v2_alpha0.05,0.05,27544,159,1902,1118,300,137720,550880,523336,4116,2400,0.0002886291025268661,0.040589602091199536,0.0036343763853432594,0.06905315132152193,0.0021783328492593667,0.5830903790087464
two_room_v1,refinement_alpha_sweep,span20_fixed_seed42,missing_noise_drift,savgol_w5_p2,ddpm_prior_masked_blend_v2_alpha0.10,ddpm_prior_masked_blend_v2_alpha0.10,0.1,27544,158,1905,1119,303,137720,550880,523336,4122,2400,0.0002868138251524833,0.04062590763868719,0.0036401088402097316,0.0691620679639849,0.0022001161777519605,0.5822416302765647
two_room_v1,refinement_alpha_sweep,span20_fixed_seed42,missing_noise_drift,savgol_w5_p2,ddpm_prior_masked_blend_v2_alpha0.25,ddpm_prior_masked_blend_v2_alpha0.25,0.25,27544,163,1912,1126,310,137720,550880,523336,4120,2398,0.0002958902120243973,0.04088004647110079,0.0036534845682314994,0.06941620679639848,0.002250943944234679,0.5820388349514564
two_room_v1,refinement_alpha_sweep,span20_fixed_seed42,missing_noise_drift,savgol_w5_p2,ddpm_prior_masked_blend_v2_alpha0.50,ddpm_prior_masked_blend_v2_alpha0.50,0.5,27544,168,1931,1143,329,137720,550880,523336,4170,2434,0.00030496659889631133,0.04149724077839094,0.0036897901157191557,0.07010601219866396,0.0023889050246877724,0.5836930455635492
two_room_v1,refinement_alpha_sweep,span20_fixed_seed42,missing_noise_drift,savgol_w5_p2,ddpm_prior_masked_blend_v2_alpha0.75,ddpm_prior_masked_blend_v2_alpha0.75,0.75,27544,183,1986,1168,384,137720,550880,523336,4306,2534,0.00033219575951205343,0.04240487946558234,0.003794885121604476,0.07210281731048504,0.0027882660470519897,0.5884811890385508
two_room_v1,refinement_alpha_sweep,span20_fixed_seed42,missing_noise_drift,savgol_w5_p2,ddpm_prior_masked_blend_v2_alpha1.00,ddpm_prior_masked_blend_v2_alpha1.00,1.0,27544,191,2051,1197,449,137720,550880,523336,4470,2643,0.0003467179785071159,0.04345774034272437,0.003919088310378036,0.0744626778971827,0.003260238164391519,0.5912751677852349
two_room_v1,refinement_alpha_sweep,span20_fixed_seed42,missing_only,kalman_cv_dt1.0_q1e-3_r1e-2,ddpm_prior_masked_blend_v2_alpha0.00,ddpm_prior_masked_blend_v2_alpha0.00,0.0,27544,44,408,270,320,137720,550880,523336,2792,2450,7.987220447284345e-05,0.009802497821667151,0.0007796138618401944,0.014812663374963694,0.0023235550392099913,0.8775071633237822
two_room_v1,refinement_alpha_sweep,span20_fixed_seed42,missing_only,kalman_cv_dt1.0_q1e-3_r1e-2,ddpm_prior_masked_blend_v2_alpha0.05,ddpm_prior_masked_blend_v2_alpha0.05,0.05,27544,40,376,256,288,137720,550880,523336,2748,2434,7.261109497531223e-05,0.009294220156839965,0.0007184676765978262,0.013650885855358699,0.002091199535288992,0.8857350800582242
two_room_v1,refinement_alpha_sweep,span20_fixed_seed42,missing_only,kalman_cv_dt1.0_q1e-3_r1e-2,ddpm_prior_masked_blend_v2_alpha0.10,ddpm_prior_masked_blend_v2_alpha0.10,0.1,27544,36,345,240,257,137720,550880,523336,2716,2427,6.5349985477781e-05,0.008713331397037467,0.000659232309644282,0.01252541388324136,0.0018661051408655242,0.8935935198821797
two_room_v1,refinement_alpha_sweep,span20_fixed_seed42,missing_only,kalman_cv_dt1.0_q1e-3_r1e-2,ddpm_prior_masked_blend_v2_alpha0.25,ddpm_prior_masked_blend_v2_alpha0.25,0.25,27544,28,276,207,188,137720,550880,523336,2640,2409,5.082776648271856e-05,0.007515248329944816,0.0005273858477154256,0.010020331106593087,0.00136508858553587,0.9125
two_room_v1,refinement_alpha_sweep,span20_fixed_seed42,missing_only,kalman_cv_dt1.0_q1e-3_r1e-2,ddpm_prior_masked_blend_v2_alpha0.50,ddpm_prior_masked_blend_v2_alpha0.50,0.5,27544,16,227,188,139,137720,550880,523336,2608,2407,2.904443799012489e-05,0.006825442927679349,0.00043375575156304934,0.008241359279697939,0.00100929422015684,0.9229294478527608
two_room_v1,refinement_alpha_sweep,span20_fixed_seed42,missing_only,kalman_cv_dt1.0_q1e-3_r1e-2,ddpm_prior_masked_blend_v2_alpha0.75,ddpm_prior_masked_blend_v2_alpha0.75,0.75,27544,46,272,208,184,137720,550880,523336,2730,2522,8.350275922160906e-05,0.007551553877432472,0.0005197425745601296,0.009875108916642464,0.001336044147545745,0.9238095238095239
two_room_v1,refinement_alpha_sweep,span20_fixed_seed42,missing_only,kalman_cv_dt1.0_q1e-3_r1e-2,ddpm_prior_masked_blend_v2_alpha1.00,ddpm_prior_masked_blend_v2_alpha1.00,1.0,27544,74,346,250,258,137720,550880,523336,2890,2642,0.00013433052570432761,0.009076386871914028,0.000661143127933106,0.012561719430729016,0.0018733662503630554,0.9141868512110727
two_room_v1,refinement_alpha_sweep,span20_fixed_seed42,missing_only,linear_interp,ddpm_prior_masked_blend_v2_alpha0.00,ddpm_prior_masked_blend_v2_alpha0.00,0.0,27544,0,24,24,24,137720,550880,523336,2491,2467,0.0,0.0008713331397037467,4.585963893177614e-05,0.0008713331397037467,0.00017426662794074935,0.9903653151344841
two_room_v1,refinement_alpha_sweep,span20_fixed_seed42,missing_only,linear_interp,ddpm_prior_masked_blend_v2_alpha0.05,ddpm_prior_masked_blend_v2_alpha0.05,0.05,27544,0,30,30,30,137720,550880,523336,2491,2461,0.0,0.0010891664246296833,5.732454866472018e-05,0.0010891664246296833,0.00021783328492593667,0.9879566439181052
two_room_v1,refinement_alpha_sweep,span20_fixed_seed42,missing_only,linear_interp,ddpm_prior_masked_blend_v2_alpha0.10,ddpm_prior_masked_blend_v2_alpha0.10,0.1,27544,0,30,30,30,137720,550880,523336,2491,2461,0.0,0.0010891664246296833,5.732454866472018e-05,0.0010891664246296833,0.00021783328492593667,0.9879566439181052
two_room_v1,refinement_alpha_sweep,span20_fixed_seed42,missing_only,linear_interp,ddpm_prior_masked_blend_v2_alpha0.25,ddpm_prior_masked_blend_v2_alpha0.25,0.25,27544,0,43,43,43,137720,550880,523336,2491,2448,0.0,0.0015611385419692129,8.216518641943226e-05,0.0015611385419692129,0.0003122277083938426,0.9827378562826175
two_room_v1,refinement_alpha_sweep,span20_fixed_seed42,missing_only,linear_interp,ddpm_prior_masked_blend_v2_alpha0.50,ddpm_prior_masked_blend_v2_alpha0.50,0.5,27544,0,77,76,77,137720,550880,523336,2541,2464,0.0,0.002759221609061865,0.00014713300823944846,0.0027955271565495207,0.0005591054313099042,0.9696969696969697
two_room_v1,refinement_alpha_sweep,span20_fixed_seed42,missing_only,linear_interp,ddpm_prior_masked_blend_v2_alpha0.75,ddpm_prior_masked_blend_v2_alpha0.75,0.75,27544,25,166,128,166,137720,550880,523336,2693,2561,4.538193435957014e-05,0.004647110078419983,0.000317195835944785,0.006026720882950915,0.001205344176590183,0.9509840326773116
two_room_v1,refinement_alpha_sweep,span20_fixed_seed42,missing_only,linear_interp,ddpm_prior_masked_blend_v2_alpha1.00,ddpm_prior_masked_blend_v2_alpha1.00,1.0,27544,50,234,164,234,137720,550880,523336,2859,2689,9.076386871914028e-05,0.005954109787975602,0.0004471314795848174,0.00849549811211153,0.0016990996224223061,0.9405386498775796
two_room_v1,refinement_alpha_sweep,span20_fixed_seed42,missing_only,savgol_w5_p2,ddpm_prior_masked_blend_v2_alpha0.00,ddpm_prior_masked_blend_v2_alpha0.00,0.0,27544,0,49,44,24,137720,550880,523336,2504,2455,0.0,0.001597444089456869,9.36300961523763e-05,0.0017789718268951496,0.00017426662794074935,0.9804313099041534
two_room_v1,refinement_alpha_sweep,span20_fixed_seed42,missing_only,savgol_w5_p2,ddpm_prior_masked_blend_v2_alpha0.05,ddpm_prior_masked_blend_v2_alpha0.05,0.05,27544,0,55,50,30,137720,550880,523336,2504,2449,0.0,0.0018152773743828057,0.00010509500588532033,0.001996805111821086,0.00021783328492593667,0.978035143769968
two_room_v1,refinement_alpha_sweep,span20_fixed_seed42,missing_only,savgol_w5_p2,ddpm_prior_masked_blend_v2_alpha0.10,ddpm_prior_masked_blend_v2_alpha0.10,0.1,27544,0,55,50,30,137720,550880,523336,2504,2449,0.0,0.0018152773743828057,0.00010509500588532033,0.001996805111821086,0.00021783328492593667,0.978035143769968
two_room_v1,refinement_alpha_sweep,span20_fixed_seed42,missing_only,savgol_w5_p2,ddpm_prior_masked_blend_v2_alpha0.25,ddpm_prior_masked_blend_v2_alpha0.25,0.25,27544,0,68,63,43,137720,550880,523336,2504,2436,0.0,0.002287249491722335,0.0001299356436400324,0.002468777229160616,0.0003122277083938426,0.9728434504792333
two_room_v1,refinement_alpha_sweep,span20_fixed_seed42,missing_only,savgol_w5_p2,ddpm_prior_masked_blend_v2_alpha0.50,ddpm_prior_masked_blend_v2_alpha0.50,0.5,27544,0,102,95,77,137720,550880,523336,2540,2438,0.0,0.003449027011327331,0.0001949034654600486,0.0037031658437409235,0.0005591054313099042,0.9598425196850394
two_room_v1,refinement_alpha_sweep,span20_fixed_seed42,missing_only,savgol_w5_p2,ddpm_prior_masked_blend_v2_alpha0.75,ddpm_prior_masked_blend_v2_alpha0.75,0.75,27544,25,191,147,166,137720,550880,523336,2698,2541,4.538193435957014e-05,0.005336915480685449,0.00036496629316538513,0.006934359570142318,0.001205344176590183,0.9418087472201631
two_room_v1,refinement_alpha_sweep,span20_fixed_seed42,missing_only,savgol_w5_p2,ddpm_prior_masked_blend_v2_alpha1.00,ddpm_prior_masked_blend_v2_alpha1.00,1.0,27544,50,259,182,234,137720,550880,523336,2866,2671,9.076386871914028e-05,0.0066076096427534125,0.0004949019368054176,0.009403136799302934,0.0016990996224223061,0.9319609211444522
