method,degradation,metric,std_across_trajectories,std_across_seeds,std_total
linear_interp,missing_only,ADE,0.0025986339896917343,nan,0.0025986339896917343
linear_interp,missing_only,RMSE,0.0061108870431780815,nan,0.0061108870431780815
linear_interp,missing_only,masked_ADE,0.012993169962917897,nan,0.012993169962917897
linear_interp,missing_only,masked_RMSE,0.009662160534185574,nan,0.009662160534185574
linear_interp,missing_only,wall_crossing_count,0.0,nan,0.0
linear_interp,missing_only,off_map_ratio,0.0,nan,0.0
savgol_w5_p2,missing_only,ADE,0.0038798542227596045,nan,0.0038798542227596045
savgol_w5_p2,missing_only,RMSE,0.0062187230214476585,nan,0.0062187230214476585
savgol_w5_p2,missing_only,masked_ADE,0.01266865091928278,nan,0.01266865091928278
savgol_w5_p2,missing_only,masked_RMSE,0.009492234013426656,nan,0.009492234013426656
savgol_w5_p2,missing_only,wall_crossing_count,0.0,nan,0.0
savgol_w5_p2,missing_only,off_map_ratio,0.0015617368741913556,nan,0.0015617368741913556
kalman_cv_dt1.0_q1e-3_r1e-2,missing_only,ADE,0.01018121000379324,nan,0.01018121000379324
kalman_cv_dt1.0_q1e-3_r1e-2,missing_only,RMSE,0.018919408321380615,nan,0.018919408321380615
kalman_cv_dt1.0_q1e-3_r1e-2,missing_only,masked_ADE,0.03866867410665224,nan,0.03866867410665224
kalman_cv_dt1.0_q1e-3_r1e-2,missing_only,masked_RMSE,0.030022526583018298,nan,0.030022526583018298
kalman_cv_dt1.0_q1e-3_r1e-2,missing_only,wall_crossing_count,0.0,nan,0.0
kalman_cv_dt1.0_q1e-3_r1e-2,missing_only,off_map_ratio,0.004126771026507845,nan,0.004126771026507845
ddpm_v1_masked_replace,missing_only,ADE,0.0128746647387743,nan,0.0128746647387743
ddpm_v1_masked_replace,missing_only,RMSE,0.028930597007274628,nan,0.028930597007274628
ddpm_v1_masked_replace,missing_only,masked_ADE,0.0643733228119877,nan,0.0643733228119877
ddpm_v1_masked_replace,missing_only,masked_RMSE,0.045743290342904044,nan,0.045743290342904044
ddpm_v1_masked_replace,missing_only,wall_crossing_count,0.0,nan,0.0
ddpm_v1_masked_replace,missing_only,off_map_ratio,0.0,nan,0.0
ddpm_v2_blend_alpha0.1,missing_only,ADE,0.0030533582903444767,nan,0.0030533582903444767
ddpm_v2_blend_alpha0.1,missing_only,RMSE,0.007039777934551239,nan,0.007039777934551239
ddpm_v2_blend_alpha0.1,missing_only,masked_ADE,0.015266791927918544,nan,0.015266791927918544
ddpm_v2_blend_alpha0.1,missing_only,masked_RMSE,0.011130867075637832,nan,0.011130867075637832
ddpm_v2_blend_alpha0.1,missing_only,wall_crossing_count,0.0,nan,0.0
ddpm_v2_blend_alpha0.1,missing_only,off_map_ratio,0.0,nan,0.0
ddpm_v3_inpainting,missing_only,ADE,0.11576668173074722,0.08111532777547836,0.11604613810777664
ddpm_v3_inpainting,missing_only,RMSE,0.15754230320453644,0.11039339005947113,0.15794889628887177
ddpm_v3_inpainting,missing_only,masked_ADE,0.11934810127014543,0.08360101825856477,0.11951998375722783
ddpm_v3_inpainting,missing_only,masked_RMSE,0.09389532069620568,0.06586888178737224,0.09406174553776658
ddpm_v3_inpainting,missing_only,wall_crossing_count,0.0,0.0,0.0
ddpm_v3_inpainting,missing_only,off_map_ratio,0.0656335968490456,0.019392216078132785,0.06596197605094846
linear_interp,missing_noise,ADE,0.005312768742442131,nan,0.005312768742442131
linear_interp,missing_noise,RMSE,0.005769525654613972,nan,0.005769525654613972
linear_interp,missing_noise,masked_ADE,0.0158129337566703,nan,0.0158129337566703
linear_interp,missing_noise,masked_RMSE,0.01122458649286345,nan,0.01122458649286345
linear_interp,missing_noise,wall_crossing_count,0.0,nan,0.0
linear_interp,missing_noise,off_map_ratio,0.002207549717862758,nan,0.002207549717862758
savgol_w5_p2,missing_noise,ADE,0.005206363275647163,nan,0.005206363275647163
savgol_w5_p2,missing_noise,RMSE,0.006109884008765221,nan,0.006109884008765221
savgol_w5_p2,missing_noise,masked_ADE,0.015807940689984968,nan,0.015807940689984968
savgol_w5_p2,missing_noise,masked_RMSE,0.011217106125679456,nan,0.011217106125679456
savgol_w5_p2,missing_noise,wall_crossing_count,0.0,nan,0.0
savgol_w5_p2,missing_noise,off_map_ratio,0.0015617368741913556,nan,0.0015617368741913556
kalman_cv_dt1.0_q1e-3_r1e-2,missing_noise,ADE,0.009856860153377056,nan,0.009856860153377056
kalman_cv_dt1.0_q1e-3_r1e-2,missing_noise,RMSE,0.016135472804307938,nan,0.016135472804307938
kalman_cv_dt1.0_q1e-3_r1e-2,missing_noise,masked_ADE,0.040375101273480186,nan,0.040375101273480186
kalman_cv_dt1.0_q1e-3_r1e-2,missing_noise,masked_RMSE,0.03071941477036061,nan,0.03071941477036061
kalman_cv_dt1.0_q1e-3_r1e-2,missing_noise,wall_crossing_count,0.0,nan,0.0
kalman_cv_dt1.0_q1e-3_r1e-2,missing_noise,off_map_ratio,0.002702362129301116,nan,0.002702362129301116
ddpm_v1_masked_replace,missing_noise,ADE,0.01366393268108368,nan,0.01366393268108368
ddpm_v1_masked_replace,missing_noise,RMSE,0.024585837498307228,nan,0.024585837498307228
ddpm_v1_masked_replace,missing_noise,masked_ADE,0.06597013362464432,nan,0.06597013362464432
ddpm_v1_masked_replace,missing_noise,masked_RMSE,0.04679422251444169,nan,0.04679422251444169
ddpm_v1_masked_replace,missing_noise,wall_crossing_count,0.0,nan,0.0
ddpm_v1_masked_replace,missing_noise,off_map_ratio,0.002207549717862758,nan,0.002207549717862758
ddpm_v2_blend_alpha0.1,missing_noise,ADE,0.0055061825551092625,nan,0.0055061825551092625
ddpm_v2_blend_alpha0.1,missing_noise,RMSE,0.006150722038000822,nan,0.006150722038000822
ddpm_v2_blend_alpha0.1,missing_noise,masked_ADE,0.01789302271678318,nan,0.01789302271678318
ddpm_v2_blend_alpha0.1,missing_noise,masked_RMSE,0.012661835620550756,nan,0.012661835620550756
ddpm_v2_blend_alpha0.1,missing_noise,wall_crossing_count,0.0,nan,0.0
ddpm_v2_blend_alpha0.1,missing_noise,off_map_ratio,0.002207549717862758,nan,0.002207549717862758
ddpm_v3_inpainting,missing_noise,ADE,0.11587873846292496,0.08118608593940735,0.11615335196256638
ddpm_v3_inpainting,missing_noise,RMSE,0.15551182627677917,0.10869911313056946,0.15591035783290863
ddpm_v3_inpainting,missing_noise,masked_ADE,0.11996617390604492,0.08396038537551653,0.12013792627202446
ddpm_v3_inpainting,missing_noise,masked_RMSE,0.09396691360947483,0.06599793674041668,0.09412865141296027
ddpm_v3_inpainting,missing_noise,wall_crossing_count,0.0,0.0,0.0
ddpm_v3_inpainting,missing_noise,off_map_ratio,0.06818070806818824,0.020774573771173657,0.06837530785304753
linear_interp,missing_drift,ADE,0.010053601115942001,nan,0.010053601115942001
linear_interp,missing_drift,RMSE,0.00973720196634531,nan,0.00973720196634531
linear_interp,missing_drift,masked_ADE,0.015530243752075405,nan,0.015530243752075405
linear_interp,missing_drift,masked_RMSE,0.011057663152696259,nan,0.011057663152696259
linear_interp,missing_drift,wall_crossing_count,0.0,nan,0.0
linear_interp,missing_drift,off_map_ratio,0.002207549717862758,nan,0.002207549717862758
savgol_w5_p2,missing_drift,ADE,0.010000593028962612,nan,0.010000593028962612
savgol_w5_p2,missing_drift,RMSE,0.009689045138657093,nan,0.009689045138657093
savgol_w5_p2,missing_drift,masked_ADE,0.015319400211163665,nan,0.015319400211163665
savgol_w5_p2,missing_drift,masked_RMSE,0.010927769078369821,nan,0.010927769078369821
savgol_w5_p2,missing_drift,wall_crossing_count,0.0,nan,0.0
savgol_w5_p2,missing_drift,off_map_ratio,0.002207549717862758,nan,0.002207549717862758
kalman_cv_dt1.0_q1e-3_r1e-2,missing_drift,ADE,0.011895556002855301,nan,0.011895556002855301
kalman_cv_dt1.0_q1e-3_r1e-2,missing_drift,RMSE,0.01603792980313301,nan,0.01603792980313301
kalman_cv_dt1.0_q1e-3_r1e-2,missing_drift,masked_ADE,0.03656231714844559,nan,0.03656231714844559
kalman_cv_dt1.0_q1e-3_r1e-2,missing_drift,masked_RMSE,0.028185386830928645,nan,0.028185386830928645
kalman_cv_dt1.0_q1e-3_r1e-2,missing_drift,wall_crossing_count,0.0,nan,0.0
kalman_cv_dt1.0_q1e-3_r1e-2,missing_drift,off_map_ratio,0.004675022047674239,nan,0.004675022047674239
ddpm_v1_masked_replace,missing_drift,ADE,0.014957915060222149,nan,0.014957915060222149
ddpm_v1_masked_replace,missing_drift,RMSE,0.025995692238211632,nan,0.025995692238211632
ddpm_v1_masked_replace,missing_drift,masked_ADE,0.06517098177691319,nan,0.06517098177691319
ddpm_v1_masked_replace,missing_drift,masked_RMSE,0.04626093452864796,nan,0.04626093452864796
ddpm_v1_masked_replace,missing_drift,wall_crossing_count,0.0,nan,0.0
ddpm_v1_masked_replace,missing_drift,off_map_ratio,0.002207549717862758,nan,0.002207549717862758
ddpm_v2_blend_alpha0.1,missing_drift,ADE,0.010042217560112476,nan,0.010042217560112476
ddpm_v2_blend_alpha0.1,missing_drift,RMSE,0.009888065047562122,nan,0.009888065047562122
ddpm_v2_blend_alpha0.1,missing_drift,masked_ADE,0.01801425116555954,nan,0.01801425116555954
ddpm_v2_blend_alpha0.1,missing_drift,masked_RMSE,0.012811215154674652,nan,0.012811215154674652
ddpm_v2_blend_alpha0.1,missing_drift,wall_crossing_count,0.0,nan,0.0
ddpm_v2_blend_alpha0.1,missing_drift,off_map_ratio,0.002207549717862758,nan,0.002207549717862758
ddpm_v3_inpainting,missing_drift,ADE,0.11525671184062958,0.08056340366601944,0.11552751064300537
ddpm_v3_inpainting,missing_drift,RMSE,0.1553262621164322,0.10830612480640411,0.15572653710842133
ddpm_v3_inpainting,missing_drift,masked_ADE,0.11798380610050167,0.08245308986874705,0.1181588438363912
ddpm_v3_inpainting,missing_drift,masked_RMSE,0.09298864556780755,0.06509018822920414,0.09315372734820299
ddpm_v3_inpainting,missing_drift,wall_crossing_count,0.0,0.0,0.0
ddpm_v3_inpainting,missing_drift,off_map_ratio,0.06599477971581928,0.019633989880507095,0.0663232412888008
linear_interp,missing_noise_drift,ADE,0.008815711364150047,nan,0.008815711364150047
linear_interp,missing_noise_drift,RMSE,0.009039790369570255,nan,0.009039790369570255
linear_interp,missing_noise_drift,masked_ADE,0.020396315184619936,nan,0.020396315184619936
linear_interp,missing_noise_drift,masked_RMSE,0.014303006379283393,nan,0.014303006379283393
linear_interp,missing_noise_drift,wall_crossing_count,0.0,nan,0.0
linear_interp,missing_noise_drift,off_map_ratio,0.002702362129301116,nan,0.002702362129301116
savgol_w5_p2,missing_noise_drift,ADE,0.009574448689818382,nan,0.009574448689818382
savgol_w5_p2,missing_noise_drift,RMSE,0.009807709604501724,nan,0.009807709604501724
savgol_w5_p2,missing_noise_drift,masked_ADE,0.020408882638242393,nan,0.020408882638242393
savgol_w5_p2,missing_noise_drift,masked_RMSE,0.014297362605019669,nan,0.014297362605019669
savgol_w5_p2,missing_noise_drift,wall_crossing_count,0.0,nan,0.0
savgol_w5_p2,missing_noise_drift,off_map_ratio,0.002702362129301116,nan,0.002702362129301116
kalman_cv_dt1.0_q1e-3_r1e-2,missing_noise_drift,ADE,0.011975621804594994,nan,0.011975621804594994
kalman_cv_dt1.0_q1e-3_r1e-2,missing_noise_drift,RMSE,0.016043271869421005,nan,0.016043271869421005
kalman_cv_dt1.0_q1e-3_r1e-2,missing_noise_drift,masked_ADE,0.04072931034650786,nan,0.04072931034650786
kalman_cv_dt1.0_q1e-3_r1e-2,missing_noise_drift,masked_RMSE,0.030709659667914526,nan,0.030709659667914526
kalman_cv_dt1.0_q1e-3_r1e-2,missing_noise_drift,wall_crossing_count,0.0,nan,0.0
kalman_cv_dt1.0_q1e-3_r1e-2,missing_noise_drift,off_map_ratio,0.004409696056592046,nan,0.004409696056592046
ddpm_v1_masked_replace,missing_noise_drift,ADE,0.014738685451447964,nan,0.014738685451447964
ddpm_v1_masked_replace,missing_noise_drift,RMSE,0.0235750749707222,nan,0.0235750749707222
ddpm_v1_masked_replace,missing_noise_drift,masked_ADE,0.066755549483979,nan,0.066755549483979
ddpm_v1_masked_replace,missing_noise_drift,masked_RMSE,0.047295391768685205,nan,0.047295391768685205
ddpm_v1_masked_replace,missing_noise_drift,wall_crossing_count,0.0,nan,0.0
ddpm_v1_masked_replace,missing_noise_drift,off_map_ratio,0.002702362129301116,nan,0.002702362129301116
ddpm_v2_blend_alpha0.1,missing_noise_drift,ADE,0.00887023750692606,nan,0.00887023750692606
ddpm_v2_blend_alpha0.1,missing_noise_drift,RMSE,0.009229829534888268,nan,0.009229829534888268
ddpm_v2_blend_alpha0.1,missing_noise_drift,masked_ADE,0.021916998738621195,nan,0.021916998738621195
ddpm_v2_blend_alpha0.1,missing_noise_drift,masked_RMSE,0.015369035016862797,nan,0.015369035016862797
ddpm_v2_blend_alpha0.1,missing_noise_drift,wall_crossing_count,0.0,nan,0.0
ddpm_v2_blend_alpha0.1,missing_noise_drift,off_map_ratio,0.002702362129301116,nan,0.002702362129301116
ddpm_v3_inpainting,missing_noise_drift,ADE,0.11580755561590195,0.08092506974935532,0.11608477681875229
ddpm_v3_inpainting,missing_noise_drift,RMSE,0.1545136421918869,0.10766679048538208,0.15491682291030884
ddpm_v3_inpainting,missing_noise_drift,masked_ADE,0.11992682605604137,0.08359229933422188,0.12010736146697482
ddpm_v3_inpainting,missing_noise_drift,masked_RMSE,0.09379599951265179,0.0656359994389921,0.09396137934613774
ddpm_v3_inpainting,missing_noise_drift,wall_crossing_count,0.0,0.0,0.0
ddpm_v3_inpainting,missing_noise_drift,off_map_ratio,0.06886350692721227,0.020834613626626614,0.06903511919996141
